Overall Place,Time,Bib,First Name,Last Name,Gender,Age,City,State,Country,Start,Pos,Lyon Ridge,Pos,Red Star Ridge,Pos,Duncan Canyon,Pos,Robinson Flat,Pos,Miller's Defeat,Pos,Dusty Corners,Pos,Last Chance,Pos,Devil's Thumb,Pos,El Dorado Creek,Pos,Michigan Bluff,Pos,Foresthill,Pos,Dardanelles (Cal-1),Pos,Peachstone (Cal-2),Pos,Ford's Bar (Cal-3),Pos,Rucky Chucky,Pos,Green Gate,Pos,Auburn Lake Trails,Pos,Quarry Road,Pos,Pointed Rocks,Pos,Robie Point,Pos,Finish,Pos
1,14:46:01,M1,Jim,Walmsley,M,31,Flagstaff,AZ,USA,--:--,--,1:41:08,1,2:28:00,1,3:27:00,1,4:19:00,1,4:48:00,1,5:12:00,1,5:48:00,1,6:32:00,1,7:09:00,1,07:44:00-07:46:00,1,08:36:41-08:37:00,1,--:--,,9:49:00,1,--:--,,10:51:00,1,11:13:00,1,12:05:00,1,12:55:00,1,13:39:00,1,14:33:00,1,14:46:01,1
2,16:11:02,35,Tyler,Green,M,37,Portland,OR,USA,--:--,--,1:46:11,16,2:38:00,14,03:43:00-03:44:00,14,4:45:00,12,5:19:00,12,5:47:00,12,6:28:00,12,7:24:00,9,8:07:00,8,08:49:00-08:52:00,8,09:50:13-09:51:00,7,--:--,,11:09:00,6,--:--,,12:17:00,4,12:42:00,4,13:35:00,4,14:25:00,3,15:10:00-15:12:00,2,15:58:10,2,16:11:02,2
3,16:23:09,23,Drew,Holmen,M,29,Boulder,CO,USA,--:--,--,1:44:47,13,2:34:00,9,3:35:00,6,4:36:00,5,5:09:00,5,5:36:00,5,6:15:00,5,7:09:00,6,7:56:00,6,08:39:00-08:41:00,6,09:41:20-09:41:30,5,--:--,,11:07:00,4,--:--,,12:17:00,3,12:41:00,3,13:35:00,3,14:28:00,4,15:16:00-15:17:00,3,16:07:17,3,16:23:09,3
4,16:49:40,32,Cody,Lind,M,26,Challis,ID,USA,--:--,--,1:44:57,14,2:38:00,13,03:43:00-03:45:00,13,4:45:00,11,5:19:00,11,5:47:00,11,6:28:00,10,7:25:00,10,8:10:00,10,08:54:00-08:56:00,9,09:52:51-09:53:00,8,--:--,,11:13:00,7,--:--,,12:25:00,5,12:49:00,5,13:47:00,5,14:42:00,5,15:33:00,4,16:32:23,4,16:49:40,4
5,16:55:49,20,Tim,Tollefson,M,36,Mammoth Lakes,CA,USA,--:--,--,1:42:08,4,2:31:00,3,3:32:00,3,4:31:00,3,5:03:00,3,5:29:00,4,6:07:00,3,7:03:00,4,7:46:00,4,08:33:00-08:36:00,3,09:38:14-09:38:20,4,--:--,,11:09:00,5,--:--,,12:53:00,7,13:18:00,6,14:27:00,9,15:17:00,7,16:00:00,5,16:44:46,5,16:55:49,5
6,17:00:34,M10,Kyle,Pietari,M,34,Edgewater,CO,USA,--:--,--,1:44:45,11,2:37:00,12,03:42:00-03:44:00,12,4:45:00,13,5:20:00,13,5:48:00,13,6:31:00,13,7:37:00,11,8:21:00,11,09:08:00-09:12:00,10,10:16:49-10:17:00,9,--:--,,11:40:00,8,--:--,,12:56:00,8,13:25:00,7,14:20:00,7,15:15:00,6,16:04:00,6,16:49:23,6,17:00:34,6
7,17:10:42,F4,Beth,Pascall,F,33,Belper,GBR,GBR,--:--,--,1:49:41,21,2:45:00,21,03:54:00-03:55:00,19,5:00:00,17,5:35:00,16,6:05:00,16,6:49:00,16,7:49:00,15,8:35:00,15,09:20:00-09:24:00,14,10:28:40,10,--:--,,11:51:00,10,--:--,,13:06:00,9,--:--,,14:27:00,8,15:23:00,8,16:08:00,7,16:57:17,7,17:10:42,7
8,17:29:24,M7,Stephen,Kersh,M,29,FLAGSTAFF,AZ,USA,--:--,--,1:43:36,8,2:33:00,8,03:35:00-03:37:00,10,4:37:00,8,5:11:00,8,5:38:00,8,6:25:00,9,7:40:00,13,8:33:00,14,09:19:00-09:23:00,13,10:30:16-10:31:00,11,--:--,,12:01:00,11,--:--,,13:21:00,10,13:45:00,9,14:40:00,10,15:36:00,9,16:22:00,9,17:16:58,8,17:29:24,8
9,17:33:48,13,Ruth,Croft,F,32,"Stillwater, Greymouth",,NZL,--:--,--,1:53:46,29,2:51:00,29,04:03:00-04:04:00,28,5:10:00,26,5:47:00,24,6:17:00,27,7:03:00,27,8:05:00,23,8:51:00,21,09:38:00-09:42:00,20,10:40:21,15,--:--,,12:11:00,14,--:--,,13:23:00,12,13:51:00,11,14:45:00,11,15:39:00,10,16:26:00,10,17:20:28,9,17:33:48,9
10,17:41:13,11,Ragna,Debats,F,42,Matadepera,ESP,ESP,--:--,--,1:52:55,26,2:50:00,25,03:59:00-04:00:00,23,5:06:00,21,5:41:00,18,6:10:00,18,6:54:00,17,7:56:00,18,8:41:00,16,09:29:00-09:31:00,15,10:40:00,14,--:--,,12:06:00,12,--:--,,13:22:00,11,13:50:00,10,14:46:00,12,15:43:00,11,16:31:00,11,17:25:17,10,17:41:13,10
11,17:48:47,14,Hayden,Hawks,M,30,Cedar City,UT,USA,--:--,--,1:41:11,2,2:28:00,2,3:27:00,2,4:20:00,2,4:52:00,2,5:18:00,2,5:58:00,2,6:55:00,2,7:40:00,2,08:22:00-08:25:00,2,09:25:12-09:26:00,2,--:--,,10:44:00,2,--:--,,11:58:00,2,12:30:00,2,13:27:00,2,14:24:00,2,16:16:00,8,17:32:25,11,17:48:47,11
12,18:07:42,F2,Brittany,Peterson,F,35,Pocatello,ID,USA,--:--,--,1:53:56,30,2:51:00,33,04:04:00-04:05:00,31,5:10:00,28,5:47:00,26,6:17:00,26,7:01:00,23,8:05:00,25,8:54:00,24,09:40:00-09:43:00,21,10:47:57-10:48:00,18,--:--,,12:14:00,15,--:--,,13:27:00,13,13:55:00,12,14:19:00,6,16:00:00,12,16:51:00,12,17:52:40,12,18:07:42,12
13,18:18:31,387,Kyle,Curtin,M,34,Durango,CO,USA,--:--,--,1:58:17,38,2:59:00,38,4:17:00,38,5:31:00,35,6:10:00,33,6:41:00,33,7:29:00,33,8:34:00,29,9:22:00,29,10:13:00-10:15:00,29,11:18:12,24,--:--,,12:43:00,19,--:--,,13:57:00,17,14:25:00,15,15:23:00,16,16:20:00,15,17:13:00,14,18:06:30,13,18:18:31,13
14,18:23:24,29,Katie,Asmuth,F,35,Mammoth Lakes,CA,USA,--:--,--,1:54:09,32,2:51:00,30,04:02:00-04:03:00,27,5:14:00,29,5:50:00,28,6:17:00,25,6:56:00,20,7:59:00,19,8:44:00,18,09:33:00-09:36:00,17,10:41:33,16,--:--,,12:08:00,13,--:--,,13:27:00,14,13:59:00,13,15:03:00,14,16:04:00,13,17:00:00,13,18:07:43,14,18:23:24,14
15,18:33:14,24,Alex,Nichols,M,36,Colorado Springs,CO,USA,--:--,--,1:44:33,9,2:34:00,10,3:35:00,7,4:36:00,6,5:09:00,6,5:36:00,6,6:15:00,6,7:08:00,5,7:52:00,5,08:33:00-08:35:00,4,09:32:44-09:33:00,3,--:--,,11:01:00,3,--:--,,12:48:00,6,13:32:00,8,14:47:00,13,16:10:00,14,17:17:00,15,18:16:17,15,18:33:14,15
16,18:37:45,19,Audrey,Tanguy,F,33,Saint Pierre d'Albigny,FRA,FRA,--:--,--,1:48:57,19,2:45:00,20,03:56:00-03:57:00,21,5:07:00,23,5:45:00,23,6:16:00,23,7:01:00,22,8:03:00,22,8:51:00,22,09:38:00-09:41:00,19,10:47:00-10:48:00,17,--:--,,12:18:00,16,--:--,,13:44:00,16,14:18:00,14,15:23:00,15,16:26:00,16,17:21:00,16,18:21:48,16,18:37:45,16
17,19:13:55,38,Emily,Hawgood,F,26,Beatrice,ZWE,ZWE,--:--,--,1:53:32,28,2:51:00,31,04:03:00-04:04:00,29,5:17:00,30,5:58:00,29,6:31:00,29,7:18:00,28,8:26:00,28,9:13:00,27,10:03:00-10:06:00,27,11:12:05,23,--:--,,12:47:00,21,--:--,,14:09:00,18,14:41:00,16,15:47:00,17,17:01:00,17,17:58:00,17,18:59:12,17,19:13:55,17
18,19:17:20,F5,Camelia,Mayfield,F,28,Bend,OR,USA,--:--,--,2:01:02,39,3:02:00,39,04:19:00-04:21:00,42,5:36:00,39,6:16:00,37,6:49:00,37,7:39:00,36,8:47:00,33,9:41:00,32,10:27:00-10:31:00,31,11:44:41-11:45:00,28,--:--,,13:15:00,23,--:--,,14:34:00,20,15:00:00,18,16:09:00-16:10:00,19,17:16:00,19,18:06:00,18,19:03:59,18,19:17:20,18
19,19:30:23,M8,Patrick,Reagan,M,34,Savannah,GA,USA,--:--,--,1:51:47,24,2:51:00,28,04:11:00-04:15:00,35,5:38:00,42,6:23:00,41,6:55:00,41,7:43:00,40,8:55:00,39,9:48:00,33,10:40:00-10:45:00,33,11:58:16,30,--:--,,13:34:00,26,--:--,,14:54:00,23,15:21:00,22,16:21:00-16:23:00,20,--:--,,18:13:00,19,19:08:10,19,19:30:23,19
20,19:42:37,15,Keely,Henninger,F,29,Portland,OR,USA,--:--,--,1:54:35,33,2:50:00,26,04:02:00-04:03:00,26,5:10:00,27,5:47:00,25,6:17:00,24,7:02:00,24,8:05:00,24,8:58:00,25,09:50:00-09:55:00,23,11:05:13,22,--:--,,12:42:00,18,--:--,,14:12:00,19,14:43:00,17,15:57:00-15:58:00,18,17:12:00,18,18:14:00,20,19:25:01,20,19:42:37,20
21,19:47:56,F3,Kaci,Lickteig,F,34,Omaha,NE,USA,--:--,--,2:04:16,45,3:03:00,43,04:22:00-04:23:00,45,5:39:00,43,6:17:00,39,6:51:00,39,7:40:00,37,8:49:00,35,9:41:00,31,10:31:00-10:35:00,32,11:46:04,29,--:--,,13:27:00,25,--:--,,14:56:00,24,15:26:00,23,16:31:00-16:33:00,22,17:36:00,21,18:29:00,21,19:33:23,21,19:47:56,21
22,19:55:54,350,Damon,Valenzona,M,34,San Diego,CA,USA,--:--,--,1:58:01,37,2:55:00,36,04:09:00-04:12:00,33,5:27:00,32,6:07:00,32,6:37:00,31,7:26:00,32,8:36:00,30,9:25:00,30,10:20:00-10:28:00,30,11:35:52-11:36:00,26,--:--,,13:12:00,22,--:--,,14:42:00,22,15:16:00,21,16:27:00-16:30:00,21,17:34:00,20,18:33:00,22,19:39:05,22,19:55:54,22
23,20:29:59,22,Michelle,Magagna,F,30,Portage,MI,USA,--:--,--,2:13:36,56,3:15:00,52,04:34:00-04:36:00,51,5:49:00,47,6:29:00,43,7:03:00,42,7:51:00,41,9:02:00,40,9:57:00,36,10:48:00-10:51:00,36,12:06:23-12:08:00,32,--:--,,13:48:00,30,--:--,,15:19:00,28,15:48:00,25,16:59:00-17:00:00,25,18:12:00,23,19:09:00,24,20:13:44,23,20:29:59,23
24,20:59:14,36,Eric,Senseman,M,32,Flagstaff,AZ,USA,--:--,--,1:46:53,18,2:43:00,18,03:53:00-03:54:00,18,4:56:00,15,5:31:00,15,5:59:00,14,6:43:00,15,7:44:00,14,8:32:00,12,09:19:00-09:23:00,12,10:39:08-10:40:00,13,--:--,,13:43:00,28,--:--,,15:07:00,25,15:38:00,24,16:57:00-16:59:00,24,17:58:00,22,19:00:00,23,20:38:30,24,20:59:14,24
25,21:47:21,33,Sarah,Keyes,F,36,Saranac lake,NY,USA,--:--,--,1:57:37,36,2:55:00,35,04:15:00-04:17:00,36,5:38:00,41,6:29:00,44,7:06:00,44,8:00:00,44,9:08:00,41,10:05:00,37,11:00:00-11:06:00,37,12:45:18-12:46:00,38,--:--,,14:49:00,35,--:--,,16:21:00,34,16:59:00,31,18:24:00-18:25:00,33,19:24:00,26,20:22:00,27,21:30:32,25,21:47:21,25
26,21:49:56,53,Shannon,Howell,F,42,Simpsonville,SC,USA,--:--,--,2:21:12,82,3:29:00,78,04:59:00-05:00:00,79,6:24:00,69,7:07:00,63,7:44:00,61,8:42:00,60,9:56:00,56,10:55:00,54,11:49:00-11:53:00,48,13:09:13-13:10:00,47,--:--,,14:57:00,39,--:--,,16:32:00,36,17:04:00,34,18:17:00-18:20:00,31,19:33:00,29,20:31:00,29,21:33:53,26,21:49:56,26
27,21:51:31,80,Cody,Draper,M,41,Smithfield,UT,USA,--:--,--,2:18:20,75,3:24:00,68,04:47:00-04:49:00,58,6:10:00,56,6:53:00,54,7:27:00,51,8:19:00,50,9:37:00,49,10:34:00,46,11:33:00-11:42:00,45,12:57:46-12:59:00,41,--:--,,--:--,,--:--,,16:23:00,35,17:00:00,33,18:11:00-18:15:00,29,19:26:00,27,20:29:00,28,21:36:04,28,21:51:31,27
28,21:53:26,279,Christopher,McBride,M,51,Golden,CO,USA,--:--,--,2:15:11,60,3:21:00,58,04:45:00-04:47:00,55,6:05:00,53,6:53:00,51,7:29:00,52,8:26:00,52,9:47:00,52,10:46:00,49,11:42:00-11:48:00,46,12:58:03-12:59:00,43,--:--,,14:42:00,33,--:--,,16:10:00,30,16:42:00,28,17:51:00-17:54:00,27,19:02:00,25,20:06:00,25,21:35:52,27,21:53:26,28
29,22:11:40,37,Abby,Hall,F,30,Boulder,CO,USA,--:--,--,2:04:04,42,3:03:00,42,04:17:00-04:19:00,40,5:31:00,34,6:12:00,34,6:44:00,34,7:34:00,34,8:46:00,32,9:50:00,34,10:47:00-10:53:00,35,12:18:35-12:19:00,35,--:--,,14:26:00,31,--:--,,16:16:00,33,16:56:00,30,18:24:00-18:26:00,34,19:47:00,32,20:56:00,32,21:59:14,30,22:11:40,29
30,22:12:19,42,Magdalena,Boulet,F,47,Oakland,CA,USA,--:--,--,2:04:11,44,3:04:00,46,04:21:00-04:22:00,44,5:35:00,38,6:17:00,38,6:51:00,38,7:43:00,39,8:54:00,37,9:50:00,35,10:42:00-10:46:00,34,12:00:43-12:01:00,31,--:--,,13:45:00,29,--:--,,15:15:00,27,15:55:00,26,17:45:00-18:11:00,26,19:30:00,28,20:41:00,30,21:52:35,29,22:12:19,30
31,22:25:45,206,Chris,Chamberlin,M,45,Seattle,WA,USA,--:--,--,2:06:38,50,3:10:00,50,04:32:00-04:34:00,49,5:55:00,49,6:40:00,48,7:14:00,48,8:06:00,47,9:22:00,45,10:20:00,41,11:18:00-11:24:00,39,12:42:09-12:43:00,36,--:--,,14:34:00,32,--:--,,16:15:00,32,16:52:00,29,18:18:00-18:29:00,32,19:45:00,31,20:59:00,34,22:08:58,31,22:25:45,31
32,22:30:07,416,Christoffer,Johnston,M,35,Warren,NJ,USA,--:--,--,2:05:06,48,3:06:00,49,04:30:00-04:33:00,48,5:51:00,48,6:33:00,46,7:07:00,45,7:58:00,43,9:16:00,43,10:23:00,44,11:23:00-11:32:00,41,12:46:34-12:47:00,39,--:--,,14:56:00,38,--:--,,16:36:00,38,17:18:00,35,18:30:00-18:37:00,35,19:44:00,30,20:56:00,33,22:14:11,34,22:30:07,32
33,22:32:16,389,Ryan,Weibel,M,48,South Lake Tahoe,CA,USA,--:--,--,1:53:58,31,2:51:00,32,04:09:00-04:13:00,34,5:38:00,40,6:29:00,45,7:10:00,46,8:04:00,46,9:20:00,44,10:20:00,42,11:18:00-11:28:00,40,12:50:03,40,--:--,,14:46:00,34,--:--,,16:11:00,31,16:59:00,32,18:15:00-18:18:00,30,19:47:00,33,20:51:00,31,22:13:38,33,22:32:16,33
34,22:47:19,34,Mireya,Vargas,F,36,Pasadena,CA,USA,--:--,--,2:21:20,84,3:26:00,71,04:48:00-04:49:00,60,6:08:00,54,6:53:00,52,7:27:00,50,8:19:00,49,9:40:00,50,10:49:00,50,11:47:00-11:51:00,47,13:13:57-13:14:00,48,--:--,,15:20:00,43,--:--,,17:00:00,42,17:46:00,41,19:05:00-19:07:00,38,20:30:00,37,21:34:00,37,22:32:21,36,22:47:19,34
35,22:47:36,F1,Clare,Gallagher,F,29,Boulder,CO,USA,--:--,--,1:50:12,22,2:46:00,23,04:00:00-04:01:00,24,5:08:00,25,5:44:00,22,6:15:00,22,7:02:00,26,8:10:00,26,9:02:00,26,09:51:00-09:54:00,24,11:00:24-11:01:00,20,--:--,,12:44:00,20,--:--,,14:40:00,21,15:15:00,20,16:48:00-16:50:00,23,18:33:00,24,20:11:00,26,22:12:43,32,22:47:36,35
36,22:47:51,409,Mark,Bain,M,44,Cleveland Heights,OH,USA,--:--,--,2:27:58,119,3:40:00,109,05:12:00-05:16:00,104,6:39:00,88,7:26:00,79,8:04:00,76,9:03:00,75,--:--,,11:29:00,66,12:25:00-12:33:00,61,13:48:45-13:50:00,54,--:--,,15:35:00,45,--:--,,17:08:00,43,17:41:00,40,18:58:00-19:02:00,36,20:13:00,34,21:16:00,35,22:29:12,35,22:47:51,36
37,23:03:52,52,Timothy,Christoni,M,52,La Crescenta,CA,USA,--:--,--,2:14:01,58,3:22:00,61,04:53:00-04:56:00,69,6:19:00,63,7:09:00,66,7:49:00,66,8:52:00,67,10:13:00,65,11:20:00,60,12:20:00-12:26:00,57,13:54:43-13:55:00,57,--:--,,15:47:00,48,--:--,,17:28:00,46,18:04:00,42,19:19:00-19:21:00,40,20:34:00,38,21:36:00,38,22:47:10,37,23:03:52,37
38,23:05:21,178,Steve,Rowbury,M,53,Mill Valley,CA,USA,--:--,--,2:28:07,121,3:42:00,117,05:14:00-05:22:00,106,6:48:00,97,7:37:00,91,8:14:00,88,9:10:00,80,10:30:00,74,11:37:00,73,12:38:00-12:47:00,70,14:01:46-14:02:00,62,--:--,,16:00:00,53,--:--,,17:40:00,50,18:16:00,46,19:28:00-19:30:00,42,20:44:00,40,21:41:00,39,22:48:53,38,23:05:21,38
39,23:11:51,179,Jorma,Gates,M,50,Santa Rosa,CA,USA,--:--,--,2:13:37,57,3:17:00,54,04:38:00-04:42:00,52,6:01:00,51,6:55:00,55,7:30:00,54,8:32:00,54,9:49:00,53,10:51:00,51,11:55:00-12:15:00,51,13:33:33-13:36:00,51,--:--,,15:36:00,46,--:--,,17:21:00,45,18:06:00,43,19:23:00-19:25:00,41,20:45:00,41,21:46:00,40,22:53:29,40,23:11:51,39
40,23:18:19,71,David,Aguayo,M,45,San Luis Obispo,CA,USA,--:--,--,2:25:49,100,3:34:00,91,04:59:00-05:00:00,80,6:24:00,71,7:10:00,68,7:45:00,63,8:38:00,58,10:02:00,59,11:10:00,56,12:15:00-12:27:00,56,14:12:05-14:12:59,67,--:--,,16:13:00,61,--:--,,17:55:00,57,18:31:00,51,19:52:00-19:55:00,51,20:59:00,45,21:55:00,43,23:02:01,41,23:18:19,40
41,23:19:59,95,Luke,Bateman,M,35,Dallas,TX,USA,--:--,--,2:15:40,66,3:24:00,69,04:51:00-04:55:00,66,6:23:00,68,7:09:00,67,7:44:00,62,8:36:00,57,9:55:00,55,10:54:00,53,11:55:00-12:03:00,52,13:20:45-13:22:00,49,--:--,,15:16:00,41,--:--,,16:57:00,41,17:39:00,38,19:00:00-19:02:00,37,20:23:00,35,21:30:00,36,22:53:12,39,23:19:59,41
42,23:20:14,401,Sarah,Bunting Lamos,F,46,Thornton,CO,USA,--:--,--,2:03:54,41,3:05:00,48,04:32:00-04:33:00,50,6:01:00,52,6:50:00,50,7:30:00,55,8:30:00,53,9:54:00,54,10:54:00,52,11:54:00-11:59:00,50,13:21:49-13:23:00,50,--:--,,15:49:00,49,--:--,,17:30:00,47,18:10:00,44,19:30:00,43,20:54:00,42,21:59:00,45,23:04:01,42,23:20:14,42
43,23:24:54,415,Timothy,Buse,M,36,Louisville,CO,USA,--:--,--,2:42:34,204,3:52:00,160,05:22:00-05:26:00,128,6:54:00,111,7:39:00,92,--:--,,9:14:00,85,10:30:00,76,11:36:00,72,12:36:00-12:39:00,67,13:59:18-14:06:00,61,--:--,,16:01:00,54,--:--,,17:51:00,54,18:31:00,50,19:50:00-19:54:00,50,21:13:00,49,22:10:00,48,23:11:18,45,23:24:54,43
44,23:26:13,190,Jeremy,Greene,M,46,Arlington,WA,USA,--:--,--,2:13:35,55,3:20:00,57,04:49:00-04:51:00,62,6:18:00,61,7:02:00,58,--:--,,8:43:00,61,10:06:00,60,11:13:00,58,12:14:00-12:19:00,55,13:39:58-13:40:00,52,--:--,,15:47:00,47,--:--,,17:39:00,49,18:16:00,47,19:38:00-19:39:00,47,20:57:00,43,21:58:00,44,23:10:37,44,23:26:13,44
45,23:31:20,74,Jack,Hsueh,M,45,Kensington,CA,USA,--:--,--,2:15:47,67,3:22:00,64,04:45:00-04:46:00,56,6:09:00,55,6:53:00,53,7:29:00,53,8:22:00,51,9:36:00,48,10:37:00,48,11:33:00-11:36:00,44,12:59:51-13:01:00,44,--:--,,15:01:00,40,--:--,,16:56:00,40,17:41:00,39,19:17:00-19:25:00,39,20:42:00,39,21:48:00,41,23:08:36,43,23:31:20,45
46,23:32:14,327,Tim,Spaulding,M,41,Forest,VA,USA,--:--,--,2:17:23,71,3:23:00,67,04:49:00-04:51:00,63,6:14:00,59,7:07:00,62,7:53:00,69,8:53:00,68,10:19:00,68,11:31:00,68,12:24:00-12:54:00,60,14:10:20-14:12:00,66,--:--,,15:55:00,52,--:--,,17:42:00,51,18:22:00,49,19:37:00-19:44:00,46,20:58:00,44,22:01:00,46,23:15:11,46,23:32:14,46
47,23:33:04,396,Peter,Newton,M,40,Boulder,CO,USA,--:--,--,2:15:54,68,3:23:00,66,04:48:00-04:53:00,61,6:13:00,57,7:03:00,60,7:39:00,58,8:36:00,56,10:02:00,58,11:12:00,57,12:13:00-12:34:00,54,13:55:30,58,--:--,,16:11:00,59,--:--,,18:02:00,59,18:38:00,54,19:56:00-19:59:00,53,21:15:00,51,22:11:00,49,23:16:45,49,23:33:04,47
48,23:36:52,81,Nick,Affleck,M,40,Chico,CA,USA,--:--,--,2:25:46,99,3:37:00,100,05:07:00-05:09:00,87,6:34:00,81,7:27:00,81,8:07:00,81,9:04:00,76,10:24:00,72,11:29:00,67,12:31:00-12:35:00,65,13:58:00-13:58:59,60,--:--,,16:02:00,55,--:--,,17:46:00,52,18:21:00,48,19:42:00-19:45:00,48,21:00:00,46,22:02:00,47,23:16:00,48,23:36:52,48
49,23:40:52,41,Jorge,Maravilla,M,43,Mill Valley,CA,USA,--:--,--,1:46:09,15,2:39:00,17,03:44:00-03:46:00,15,4:53:00,14,5:29:00,14,5:59:00,15,6:42:00,14,7:51:00,16,8:47:00,19,09:52:00-10:03:00,25,11:24:53-11:26:00,25,--:--,,13:24:00,24,--:--,,15:22:00,29,16:06:00,27,18:01:00-18:17:00,28,20:26:00,36,21:49:00,42,23:15:57,47,23:40:52,49
50,23:43:12,419,Gabriel,Wildberger,M,33,Mï¿½nchaltorf,CHE,CHE,--:--,--,2:15:32,65,3:22:00,63,04:49:00-04:51:00,64,6:18:00,62,--:--,,7:48:00,64,8:47:00,63,10:13:00,64,11:22:00,61,12:27:00-12:38:00,62,14:10:14-14:11:00,65,--:--,,16:12:00,60,--:--,,17:58:00,58,18:39:00,55,20:03:00-20:06:00,55,21:32:00,55,22:30:00,55,23:28:46,51,23:43:12,50
51,23:45:11,318,Takuji,Sasaki,M,45,Hayamacho,JPN,JPN,--:--,--,2:22:50,89,3:31:00,86,05:03:00-05:07:00,83,6:36:00,83,7:25:00,,8:06:00,79,9:06:00,78,10:30:00,75,11:34:00,71,12:37:00-12:41:00,68,14:05:17-14:06:00,63,--:--,,16:09:00,58,--:--,,17:54:00,55,18:38:00,53,20:02:00,54,21:15:00,50,22:13:00,50,23:22:44,50,23:45:11,51
52,23:45:21,100,Philip,Sanderson,M,53,Mill Valley,CA,USA,--:--,--,2:16:27,69,3:28:00,76,4:59:00,75,6:24:00,72,7:14:00,70,7:56:00,72,8:51:00,65,10:13:00,62,11:23:00,62,12:22:00-12:28:00,58,13:51:58-13:57:00,55,--:--,,16:03:00,56,--:--,,18:11:00,62,18:51:00,59,20:13:00-20:14:00,59,21:35:00,56,22:29:00,53,23:29:58,53,23:45:21,52
53,23:45:30,F8,Kathryn,Drew,F,34,Vancouver,BC,CAN,--:--,--,1:54:44,34,2:52:00,34,04:04:00-04:06:00,30,5:19:00,31,6:00:00,30,6:34:00,30,7:25:00,30,8:47:00,34,10:06:00,38,11:06:00-11:22:00,38,12:44:27,37,--:--,,14:55:00,37,--:--,,16:49:00,39,17:38:00,37,19:34:00-19:45:00,44,21:08:00,47,22:21:00,52,23:30:46,54,23:45:30,53
54,23:47:33,276,Zandy,Mangold,M,47,Brooklyn,NY,USA,--:--,--,2:04:40,46,3:03:00,44,04:24:00-04:25:00,46,5:47:00,45,6:35:00,47,7:13:00,47,--:--,,9:26:00,47,10:30:00,45,11:30:00-11:38:00,43,13:09:05-13:14:00,46,--:--,,15:18:00,42,--:--,,17:31:00,48,18:13:00,45,19:36:00-19:38:00,45,21:11:00,48,22:17:00,51,23:29:10,52,23:47:33,54
55,23:49:55,106,Will,Briggs,M,32,Poway,CA,USA,--:--,--,2:27:32,114,3:37:00,97,5:13:00,,6:39:00,86,7:30:00,83,8:12:00,83,9:12:00,82,10:35:00,78,11:41:00,77,12:44:00-12:48:00,72,14:09:15-14:11:00,64,--:--,,16:14:00,62,--:--,,18:04:00,61,18:48:00,58,20:05:00-20:06:00,56,21:29:00,53,--:--,,23:31:55,56,23:49:55,55
56,23:51:33,196,Neil,Johnson,M,44,Golden Valley,MN,USA,--:--,--,2:26:25,103,3:39:00,106,05:15:00-05:18:00,107,6:46:00,91,7:41:00,93,8:20:00,92,9:19:00,91,10:42:00,82,11:45:00,80,12:48:00-12:53:00,73,14:15:35-14:18:00,68,--:--,,16:24:00,64,--:--,,18:13:00,65,18:56:00,61,20:11:00-20:16:00,58,21:31:00,54,22:30:00,54,23:31:28,55,23:51:33,56
57,23:54:56,332,Nathan,Stroh,M,49,Klamath Falls,OR,USA,--:--,--,2:27:18,110,3:33:00,89,4:59:00,77,6:20:00,64,7:15:00,71,7:56:00,73,8:59:00,73,10:23:00,71,11:42:00,79,12:48:00-12:55:00,74,14:29:57-14:30:00,73,--:--,,16:22:00,63,--:--,,18:03:00,60,18:44:00,57,19:54:00-19:57:00,52,21:27:00,52,22:42:00,56,23:40:55,57,23:54:56,57
58,24:39:40,315,Scott,Sambucci,M,47,Davis,CA,USA,--:--,--,2:38:42,190,3:59:00,197,05:46:00-05:51:00,183,7:22:00,159,8:14:00,147,8:55:00,140,9:57:00,124,11:22:00,112,12:27:00,98,13:28:00-13:33:00,93,15:01:57-15:02:00,85,--:--,,16:55:00,72,--:--,,18:47:00,69,19:27:00,65,20:41:00-20:44:00,62,22:01:00,58,23:10:00,58,24:24:06,58,24:39:40,58
59,24:57:30,172,Jenny,Fox,F,41,Steamboat Springs,CO,USA,--:--,--,2:38:40,189,3:49:00,144,05:24:00-05:28:00,131,6:56:00,116,7:48:00,105,8:32:00,108,9:34:00,102,11:01:00,92,12:06:00,89,13:04:00-13:10:00,83,14:39:07-14:39:59,78,--:--,,16:44:00,67,--:--,,18:39:00,66,19:17:00,62,20:43:00-20:46:00,63,22:14:00,59,23:23:00,59,24:40:30,59,24:57:30,59
60,24:58:48,370,Isaac,Wait,M,44,Ona,WV,USA,--:--,--,2:24:12,92,3:34:00,90,05:03:00-05:06:00,84,6:32:00,79,7:23:00,76,8:06:00,80,9:07:00,79,10:37:00,80,11:51:00,81,12:57:00-13:04:00,79,14:26:47-14:31:00,71,--:--,,16:43:00,66,--:--,,18:45:00,68,19:25:00,64,20:32:00-20:33:00,61,21:51:00,57,23:05:00,57,24:43:39,60,24:58:48,60
61,25:18:33,338,Kelly,Teeselink,F,34,Flagstaff,AZ,USA,--:--,--,2:26:37,104,3:43:00,125,05:22:00-05:29:00,130,7:01:00,129,7:58:00,120,8:41:00,115,9:42:00,106,11:13:00,102,12:27:00,99,13:35:00-13:43:00,97,15:13:20-15:15:00,87,--:--,,17:13:00,78,--:--,,19:07:00,74,19:50:00,70,21:09:00-21:14:00,66,22:37:00,63,23:47:00,60,25:02:03,61,25:18:33,61
62,25:19:58,307,Justin,Kinner,M,34,Casper,WY,USA,--:--,--,2:17:58,73,3:27:00,75,05:08:00-05:11:00,90,6:52:00,106,7:51:00,113,8:35:00,112,9:41:00,105,11:13:00,101,12:33:00,102,13:34:00-13:43:00,96,15:13:46-15:14:00,89,--:--,,17:14:00,79,--:--,,19:03:00,73,19:49:00,68,21:08:00-21:12:00,65,22:37:00,62,23:50:00,61,25:02:27,62,25:19:58,62
63,25:25:37,258,Sudheer,Maremanda,M,44,Bellevue,WA,USA,--:--,--,2:30:20,134,3:48:00,140,5:27:00,,7:08:00,139,8:11:00,141,8:56:00,145,10:09:00,142,11:56:00,143,13:06:00,127,14:14:00-14:22:00,127,15:43:26-15:44:00,105,--:--,,17:43:00,87,--:--,,19:30:00,79,20:08:00,73,21:35:00-21:42:00,70,22:57:00,67,24:04:00,64,25:07:57,63,25:25:37,63
64,25:33:16,328,Dan,Spearin,M,48,Crozet,VA,USA,--:--,--,2:43:14,209,4:01:00,199,05:38:00-05:46:00,167,7:25:00,161,8:29:00,163,9:11:00,157,10:14:00,148,11:51:00,135,13:06:00,128,14:13:00-14:18:00,125,15:45:36-15:47:00,106,--:--,,17:57:00,92,--:--,,19:39:00,81,20:22:00,77,21:39:00-21:40:00,73,22:53:00,65,24:03:00,63,25:13:46,64,25:33:16,64
65,25:39:38,55,Dan,Barger,M,55,Steamboat Springs,CO,USA,--:--,--,2:08:10,52,3:14:00,51,04:45:00-04:52:00,57,6:24:00,70,7:16:00,74,7:57:00,74,8:55:00,71,10:25:00,73,11:33:00,70,12:42:00-13:00:00,71,14:31:34-14:32:00,75,--:--,,17:13:00,77,--:--,,19:14:00,77,19:55:00,72,21:36:00-21:44:00,71,23:07:00,69,24:10:00,66,25:20:35,65,25:39:38,65
66,25:52:41,418,Nicholas,Horvath,M,36,Chattanooga,TN,USA,--:--,--,2:34:11,158,3:58:00,188,05:38:00-05:43:00,162,7:15:00,152,8:12:00,143,8:51:00,131,9:52:00,114,11:18:00,106,12:24:00,96,13:27:00-13:40:00,92,15:13:34-15:14:00,88,--:--,,17:40:00,85,--:--,,19:57:00,85,20:38:00,80,22:25:00-22:28:00,81,23:44:00,73,24:39:00,72,25:38:01,67,25:52:41,66
67,25:53:51,306,Andrew,Reiff,M,48,North Bend,WA,USA,--:--,--,2:28:16,123,3:40:00,108,05:09:00-05:11:00,96,6:40:00,89,7:29:00,82,8:08:00,82,9:10:00,81,10:35:00,79,11:41:00,78,12:49:00-12:55:00,76,14:32:09-14:33:00,76,--:--,,16:38:00,65,--:--,,18:39:00,67,19:24:00,63,21:04:00-21:12:00,64,22:53:00,64,24:08:00,65,25:36:01,66,25:53:51,67
68,25:57:09,321,Patrick,Service,M,37,Palm Springs,CA,USA,--:--,--,2:21:43,87,3:30:00,85,4:59:00,76,6:20:00,66,7:07:00,61,7:42:00,60,8:43:00,62,10:09:00,61,11:23:00,63,12:37:00-12:44:00,69,14:28:46-14:29:00,72,--:--,,16:44:00,68,--:--,,19:14:00,76,20:08:00,74,21:36:00-21:45:00,72,23:13:00,70,24:23:00,68,25:42:50,68,25:57:09,68
69,26:08:33,360,Dreama,Walton,F,40,Colorado Springs,CO,USA,--:--,--,2:15:20,61,3:21:00,59,04:52:00-04:53:00,67,6:20:00,65,7:09:00,65,7:50:00,67,8:53:00,69,10:16:00,66,11:23:00,64,12:22:00-12:34:00,59,13:54:42-13:56:00,56,--:--,,16:06:00,57,--:--,,18:11:00,63,18:54:00,60,20:31:00-20:34:00,60,22:28:00,61,24:14:00,67,25:49:24,69,26:08:33,69
70,26:10:06,57,Joe,Steinmetz,M,57,Loomis,CA,USA,--:--,--,2:30:16,133,3:44:00,131,05:24:00-05:27:00,133,6:59:00,124,7:59:00,121,8:45:00,120,9:53:00,117,11:20:00,109,12:38:00,107,13:45:00-13:51:00,100,15:22:25-15:23:00,93,--:--,,17:37:00,83,--:--,,--:--,,20:16:00,75,21:51:00-21:54:00,75,23:25:00,72,24:37:00,71,25:51:22,70,26:10:06,70
71,26:19:14,109,Stacey,Buckley,F,45,Omaha,NE,USA,--:--,--,2:26:48,107,3:38:00,102,05:08:00-05:15:00,92,6:41:00,90,7:26:00,78,8:05:00,78,9:06:00,77,10:38:00,81,12:05:00,88,13:09:00-13:15:00,86,14:48:21-14:51:00,81,--:--,,16:57:00,73,--:--,,19:03:00,72,19:50:00,69,21:19:00-21:25:00,69,22:56:00,66,24:32:00,70,26:00:53,71,26:19:14,71
72,26:27:48,211,Charles,Hofacker,M,56,Carmichael,CA,USA,--:--,--,2:24:56,97,3:37:00,94,05:12:00-05:15:00,100,6:46:00,92,7:36:00,88,8:18:00,91,9:21:00,92,10:45:00,83,11:59:00,85,13:03:00-13:08:00,82,14:32:39-14:35:00,77,--:--,,16:45:00,69,--:--,,18:54:00,70,19:34:00,66,21:15:00-21:20:00,68,23:04:00,68,24:29:00,69,26:04:09,73,26:27:48,72
73,26:30:33,188,Dan,Fish,M,49,Newbury Park,CA,USA,--:--,--,2:28:38,125,3:46:00,135,05:26:00-05:31:00,140,7:10:00,145,8:07:00,134,8:55:00,136,10:11:00,143,11:53:00,141,13:19:00,139,14:24:00-14:29:00,135,16:02:47-16:07:00,116,--:--,,18:21:00,107,--:--,,20:20:00,97,21:01:00,90,22:35:00-22:38:00,84,24:06:00,79,25:10:00,75,26:16:10,74,26:30:33,73
74,26:32:00,151,Joey,Montoya,M,42,Auburn,CA,USA,--:--,--,2:12:32,54,3:20:00,56,04:47:00-04:49:00,59,6:16:00,60,7:03:00,59,7:38:00,57,8:36:00,55,10:00:00,57,11:10:00,55,12:13:00-12:26:00,53,13:48:43-13:49:00,53,--:--,,15:53:00,51,--:--,,17:55:00,56,18:38:00,52,20:11:00-20:14:00,57,22:26:00,60,23:57:00,62,26:02:23,72,26:32:00,74
75,26:37:32,173,Douglas,Wickert,M,48,Monument,CO,USA,--:--,--,2:15:30,64,3:22:00,60,04:45:00-04:47:00,53,6:13:00,58,7:02:00,57,7:41:00,59,8:42:00,59,10:17:00,67,11:40:00,75,12:51:00-12:55:00,77,14:39:17-14:39:59,79,--:--,,17:03:00,75,--:--,,19:21:00,78,20:21:00,76,22:08:00-22:12:00,77,23:59:00,77,25:11:00,76,26:20:59,76,26:37:32,75
76,26:38:58,92,Katie,Trent,F,28,Reno,NV,USA,--:--,--,2:36:23,170,3:53:00,165,05:38:00-05:40:00,158,7:18:00,157,8:16:00,149,9:02:00,150,10:08:00,139,11:42:00,127,12:59:00,120,14:02:00-14:06:00,116,15:32:49-15:33:00,99,--:--,,17:55:00,91,--:--,,20:01:00,87,20:38:00,81,22:15:00-22:16:00,78,23:50:00,75,25:01:00,73,26:19:43,75,26:38:58,76
77,26:39:33,410,Steve,Hawkins,M,43,Grand Canyon,AZ,USA,--:--,--,2:32:00,142,3:45:00,133,05:21:00-05:25:00,123,7:03:00,132,8:02:00,126,8:46:00,121,9:50:00,111,11:18:00,105,12:35:00,106,13:39:00-13:48:00,98,15:24:42-15:25:00,94,--:--,,17:40:00,84,--:--,,19:43:00,82,20:30:00,79,22:07:00-22:12:00,76,23:45:00,74,25:01:00,74,26:21:41,77,26:39:33,77
78,26:45:12,212,David,Buse,M,44,San Diego,CA,USA,--:--,--,2:48:50,243,4:13:00,237,06:03:00-06:07:00,228,7:45:00,199,8:39:00,177,9:25:00,173,10:33:00,169,12:32:00,180,14:09:00,189,15:08:00-15:13:00,176,16:41:47-16:43:00,148,--:--,,19:00:00,128,--:--,,20:50:00,110,21:27:00,103,22:53:00-22:55:00,93,24:22:00,84,25:18:00,78,26:27:16,78,26:45:12,78
79,26:52:23,302,Michael,Poole,M,40,Arden,NC,USA,--:--,--,2:17:15,70,3:30:00,80,05:07:00-05:11:00,88,6:52:00,105,7:53:00,114,8:39:00,113,9:53:00,115,11:34:00,118,13:07:00,130,14:14:00-14:28:00,128,16:02:32-16:03:00,115,--:--,,18:13:00,104,--:--,,20:20:00,98,20:55:00,85,22:34:00-22:44:00,83,24:07:00,80,25:20:00,79,26:34:58,79,26:52:23,79
80,26:57:03,383,Andy,Burger,M,41,Granite Bay,CA,USA,--:--,--,2:30:38,135,3:45:00,132,05:20:00-05:27:00,121,6:55:00,114,7:48:00,107,8:33:00,110,9:55:00,122,11:30:00,115,12:43:00,108,13:51:00-13:59:00,106,15:29:59-15:30:00,97,--:--,,18:02:00,95,--:--,,20:15:00,92,21:00:00,89,22:42:00-22:48:00,86,24:17:00,82,25:24:00,81,26:37:07,80,26:57:03,80
81,26:58:05,255,David,Lee,M,51,Fullerton,CA,USA,--:--,--,2:28:46,126,3:42:00,119,05:27:00-05:32:00,147,7:06:00,137,8:03:00,127,8:45:00,119,9:50:00,112,11:20:00,107,12:46:00,111,13:52:00-13:57:00,110,15:22:17-15:23:00,92,--:--,,17:47:00,88,--:--,,19:44:00,83,20:46:00,82,22:21:00-22:30:00,80,24:00:00,78,25:21:00,80,26:40:38,81,26:58:05,81
82,26:59:04,238,Joseph,Kim,M,38,Los Angeles,CA,USA,--:--,--,2:31:33,140,4:01:00,198,05:57:00-06:03:00,217,7:38:00,188,8:27:00,160,9:03:00,151,10:07:00,135,11:42:00,126,13:11:00,132,14:08:00-14:18:00,119,15:33:26-15:34:00,101,--:--,,18:13:00,102,--:--,,20:42:00,109,21:28:00,105,23:14:00-23:19:00,101,24:32:00,89,25:36:00,86,26:44:14,82,26:59:04,82
83,27:04:06,147,Anthony,Chavez,M,47,Auburn,CA,USA,--:--,--,2:27:41,116,3:41:00,114,05:07:00-05:22:00,89,6:52:00,104,7:46:00,100,8:28:00,100,9:30:00,99,11:13:00,100,12:34:00,103,13:51:00-14:01:00,105,15:35:43-15:37:00,102,--:--,,18:00:00,93,--:--,,20:23:00,100,21:12:00,96,22:50:00-22:57:00,90,24:29:00,88,25:38:00,88,26:45:27,83,27:04:06,83
84,27:07:08,358,Scott,Vosburg,M,51,Loomis,CA,USA,--:--,--,2:23:54,91,3:37:00,95,5:12:00,99,6:50:00,101,7:45:00,98,8:28:00,99,9:31:00,100,11:12:00,99,12:23:00,94,13:42:00-13:52:00,99,15:25:48-15:26:00,95,--:--,,17:42:00,86,--:--,,19:55:00,84,20:50:00,83,22:29:00-22:37:00,82,24:15:00,81,25:34:00,84,26:47:49,84,27:07:08,84
85,27:07:54,87,Brett,Sherfy,M,33,Blacksburg,VA,USA,--:--,--,2:28:03,120,3:40:00,110,05:12:00-05:15:00,103,6:47:00,95,7:46:00,102,8:29:00,103,9:39:00,104,11:21:00,111,12:34:00,104,13:50:00-14:03:00,103,15:41:25-15:48:00,104,--:--,,18:06:00,98,--:--,,20:12:00,91,20:54:00,84,22:49:00-22:57:00,89,24:22:00,85,25:29:00,82,26:52:09,86,27:07:54,85
86,27:10:13,228,Brandon,Johnson,M,37,Barnum,MN,USA,--:--,--,2:33:35,153,3:52:00,159,05:25:00-05:30:00,138,7:01:00,128,7:50:00,111,8:28:00,101,9:26:00,96,10:52:00,86,12:00:00,86,13:06:00-13:14:00,84,14:54:20-14:56:00,82,--:--,,17:00:00,74,--:--,,19:02:00,71,19:42:00,67,21:14:00-21:22:00,67,23:22:00,71,25:15:00,77,26:48:16,85,27:10:13,86
87,27:13:57,285,Jeffrey,Moore,M,47,Biloxi,MS,USA,--:--,--,2:42:45,207,4:05:00,208,05:52:00-05:56:00,192,7:41:00,192,8:39:00,176,9:25:00,174,10:34:00,170,12:08:00,155,13:22:00,146,14:27:00-14:31:00,138,16:03:53-16:07:00,119,--:--,,18:23:00,108,--:--,,20:23:00,99,21:06:00,94,22:43:00-22:47:00,87,24:27:00,86,25:35:00,85,26:53:16,87,27:13:57,87
88,27:20:48,127,Michael,Hooker,M,53,Anaheim,CA,USA,--:--,--,2:31:08,138,3:49:00,142,05:29:00-05:34:00,149,7:26:00,163,8:34:00,170,9:29:00,177,10:42:00,177,--:--,,13:19:00,138,14:22:00-14:32:00,133,16:01:48-16:02:00,114,--:--,,18:26:00,109,--:--,,20:34:00,106,21:16:00,101,22:58:00-23:03:00,96,24:35:00,90,25:55:00,92,27:04:18,88,27:20:48,88
89,27:28:18,297,Selina,Nordberg,F,53,La Habra,CA,USA,--:--,--,2:35:50,166,3:54:00,172,05:38:00-05:41:00,160,7:22:00,158,8:14:00,146,9:01:00,148,10:08:00,138,11:47:00,129,13:02:00,125,14:08:00-14:16:00,120,15:47:41-15:49:00,110,--:--,,18:16:00,105,--:--,,20:26:00,102,21:15:00,99,22:52:00-22:57:00,92,24:40:00,94,26:03:00,97,27:11:34,92,27:28:18,89
90,27:28:32,16,Camille,Herron,F,39,Alamosa,CO,USA,--:--,--,1:53:30,27,2:51:00,27,04:09:00-04:11:00,32,5:28:00,33,6:07:00,31,6:38:00,32,7:25:00,29,8:43:00,31,10:14:00,40,11:49:00-12:40:00,49,13:56:35-13:58:00,59,--:--,,15:50:00,50,--:--,,18:11:00,64,23:03:00,161,24:14:00-24:17:00,140,25:21:00,115,26:16:00,103,27:14:44,94,27:28:32,90
91,27:29:43,91,Kelly,Barber,M,51,Woodland,CA,USA,--:--,--,2:28:49,127,3:41:00,116,05:19:00-05:21:00,118,6:54:00,112,7:49:00,110,8:29:00,104,9:32:00,101,11:04:00,94,12:23:00,95,13:28:00-13:38:00,94,15:12:04-15:13:00,86,--:--,,17:50:00,90,--:--,,20:11:00,90,21:01:00,91,22:41:00-22:49:00,85,24:29:00,87,25:39:00,89,27:06:18,89,27:29:43,91
92,27:30:01,90,Jack,Bailey,M,42,Medway,MA,USA,--:--,--,2:18:20,76,3:26:00,73,04:59:00-05:00:00,81,6:30:00,76,7:25:00,77,8:04:00,77,9:12:00,84,11:06:00,96,12:33:00,101,13:57:00-14:20:00,113,16:10:08-16:36:00,123,--:--,,18:57:00,124,--:--,,21:23:00,131,22:15:00,128,23:45:00-23:57:00,116,25:12:00,105,26:10:00,99,27:14:50,95,27:30:01,92
93,27:30:56,66,Scott,Howell,M,43,Longmont,CO,USA,--:--,--,2:33:57,157,3:51:00,157,05:26:00-05:31:00,142,7:00:00,127,7:47:00,104,8:22:00,94,9:15:00,86,10:53:00,87,12:04:00,87,13:10:00-13:18:00,87,14:54:24-15:00:00,83,--:--,,17:20:00,81,--:--,,19:37:00,80,20:26:00,78,22:16:00-22:23:00,79,24:19:00,83,25:36:00,87,27:06:20,90,27:30:56,93
94,27:32:26,397,Steven,Holmes Jr.,M,40,West Olive,MI,USA,--:--,--,2:27:30,113,3:37:00,101,05:12:00-05:14:00,101,6:47:00,93,7:43:00,95,8:24:00,96,9:28:00,98,11:14:00,103,12:35:00,105,13:52:00-14:02:00,109,15:35:52-15:40:00,103,--:--,,18:03:00,96,--:--,,20:24:00,101,21:12:00,97,22:50:00-22:59:00,91,24:35:00,91,25:46:00,90,27:11:19,91,27:32:26,94
95,27:32:37,102,Drew,Bernhisel,M,29,El Paso,TX,USA,--:--,--,2:26:47,106,3:37:00,96,05:18:00-05:21:00,113,6:53:00,108,7:47:00,103,8:31:00,107,9:45:00,108,11:20:00,108,12:51:00,115,14:04:00-14:18:00,117,15:53:54-15:55:00,111,--:--,,18:18:00,106,--:--,,20:20:00,96,21:00:00,88,22:53:00-23:00:00,94,24:38:00,92,25:49:00,91,27:12:48,93,27:32:37,95
96,27:33:01,171,Jaclyn,Foroughi,F,41,Truckee,CA,USA,--:--,--,2:23:49,90,3:40:00,112,05:31:00-05:40:00,153,7:11:00,148,8:09:00,139,8:54:00,135,9:57:00,125,11:48:00,131,13:01:00,122,14:08:00-14:11:00,118,15:33:21-15:39:00,100,--:--,,17:49:00,89,--:--,,19:58:00,86,21:04:00,93,22:54:00-23:14:00,95,24:52:00,98,26:02:00,96,27:16:31,96,27:33:01,96
97,27:35:40,323,Kevin,Smilor,M,38,Denver,CO,USA,--:--,--,2:28:07,122,3:43:00,123,05:18:00-05:23:00,115,6:56:00,117,7:57:00,117,8:43:00,116,9:53:00,116,11:30:00,116,12:57:00,118,14:09:00-14:45:00,121,16:23:14-16:26:00,134,--:--,,18:57:00,123,--:--,,21:25:00,134,22:09:00,123,23:45:00-23:53:00,115,25:17:00,109,26:23:00,108,27:20:14,98,27:35:40,97
98,27:39:03,84,Adam,Aucella,M,42,Nevada City,CA,USA,--:--,--,2:38:20,185,3:58:00,183,05:49:00-05:54:00,190,7:37:00,185,8:41:00,185,9:31:00,181,10:47:00,181,12:27:00,175,13:52:00,171,15:01:00-15:07:00,165,16:42:05-16:42:59,150,--:--,,19:07:00,135,--:--,,21:03:00,118,21:41:00,107,23:16:00-23:23:00,103,24:49:00,96,25:59:00,93,27:19:17,97,27:39:03,98
99,27:44:05,234,Joe,Albert,M,40,Portland,OR,USA,--:--,--,2:24:14,93,3:36:00,93,05:09:00-05:12:00,94,6:38:00,85,7:31:00,86,8:14:00,89,9:21:00,93,11:05:00,95,12:33:00,100,13:57:00-14:15:00,112,16:00:43-16:01:00,113,--:--,,18:41:00,113,--:--,,21:00:00,113,21:46:00,111,23:20:00-23:27:00,104,25:01:00,101,26:13:00,102,27:25:41,99,27:44:05,99
100,27:44:27,336,Mike,Tamoush,M,42,Portland,OR,USA,--:--,--,2:33:22,152,3:49:00,147,05:22:00-05:27:00,129,7:04:00,134,8:18:00,152,9:08:00,155,10:21:00,155,12:01:00,147,13:29:00,154,14:44:00-14:52:00,150,16:34:46-16:36:00,142,--:--,,19:08:00,136,--:--,,21:24:00,132,--:--,,23:50:00-23:57:00,120,25:13:00,106,26:16:00,104,27:26:10,100,27:44:27,100
101,27:48:37,390,Joey,Cohen,M,38,Shaker Heights,OH,USA,--:--,--,2:20:49,79,3:30:00,79,05:05:00-05:08:00,86,6:35:00,82,7:27:00,80,8:12:00,86,9:26:00,97,11:00:00,91,12:26:00,97,13:24:00-13:40:00,91,15:14:44-15:21:00,90,--:--,,18:07:00,101,--:--,,20:37:00,107,21:22:00,102,23:06:00-23:16:00,100,24:59:00,100,26:12:00,101,27:31:39,104,27:48:37,101
102,27:48:38,289,Todd,Yerkes,M,52,St George,UT,USA,--:--,--,2:27:23,112,3:42:00,121,05:19:00-05:20:00,116,6:55:00,115,7:49:00,108,8:34:00,111,9:39:00,103,11:15:00,104,12:57:00,117,14:02:00-14:09:00,115,15:46:43-15:47:00,108,--:--,,18:07:00,99,--:--,,20:18:00,93,21:02:00,92,22:47:00-22:55:00,88,24:43:00,95,26:01:00,95,27:30:50,103,27:48:38,102
103,27:51:06,334,Ram,Subbaraman,M,40,Oakland,CA,USA,--:--,--,2:28:53,128,3:43:00,124,05:15:00-05:22:00,109,6:57:00,120,8:00:00,123,8:47:00,122,9:56:00,123,11:26:00,114,12:47:00,114,13:51:00-14:04:00,107,15:29:53-15:31:00,96,--:--,,18:07:00,100,--:--,,20:29:00,104,21:15:00,100,23:04:00-23:16:00,99,24:57:00,99,26:04:00,98,27:27:14,101,27:51:06,103
104,27:54:31,372,Brian,Pickett,M,41,Kingsport,TN,USA,--:--,--,2:18:39,77,3:29:00,77,4:59:00,78,6:21:00,67,7:08:00,64,7:49:00,65,8:49:00,64,10:13:00,63,11:27:00,65,12:34:00-12:42:00,66,14:23:31-14:24:00,70,--:--,,16:45:00,70,--:--,,19:07:00,75,19:55:00,71,21:44:00-21:53:00,74,23:52:00,76,25:32:00,83,27:27:15,102,27:54:31,104
105,27:54:41,129,Megan,Cheng,F,40,San Francisco,CA,USA,--:--,--,2:47:54,235,4:10:00,232,05:58:00-06:02:00,219,7:42:00,193,8:39:00,175,9:26:00,175,10:32:00,167,12:09:00,158,13:23:00,147,14:27:00-14:37:00,140,16:15:48-16:17:00,128,--:--,,18:30:00,110,--:--,,20:38:00,108,21:28:00,104,22:58:00-23:04:00,97,24:40:00,93,26:01:00,94,27:33:22,105,27:54:41,105
106,27:58:55,393,Nobuya,Takahashi,M,40,Richmond,CA,USA,--:--,--,2:59:38,290,4:34:00,288,06:32:00-06:37:00,269,8:25:00,257,9:32:00,252,10:25:00,251,11:41:00,248,13:12:00,229,14:30:00,215,15:36:00-15:47:00,201,17:29:08,187,--:--,,19:54:00,166,--:--,,21:56:00,153,22:35:00,140,24:04:00-24:07:00,132,25:27:00,124,26:36:00,119,27:43:28,108,27:58:55,106
107,27:59:16,324,David,Smith,M,55,Santa Rosa,CA,USA,--:--,--,2:51:26,259,4:17:00,250,06:06:00-06:11:00,235,7:50:00,213,8:51:00,197,9:37:00,192,10:49:00,185,12:25:00,174,13:43:00,164,14:48:00-14:53:00,155,16:24:25-16:35:00,138,--:--,,18:57:00,126,--:--,,21:10:00,121,22:05:00,120,23:40:00-23:48:00,112,25:16:00,108,26:28:00,111,27:40:44,106,27:59:16,107
108,27:59:53,394,Kevin,Fox,M,40,Midland,TX,USA,--:--,--,2:07:58,51,3:18:00,55,04:52:00-05:01:00,68,6:32:00,77,7:20:00,75,7:55:00,71,8:56:00,72,10:19:00,69,11:31:00,69,13:18:00-13:45:00,88,15:46:28-15:48:00,107,--:--,,--:--,,--:--,,21:10:00,122,21:58:00,116,23:53:00-24:06:00,125,25:17:00,110,26:36:00,120,27:45:37,109,27:59:53,108
109,28:03:00,267,Loren,Lewis,M,49,San Jose,CA,USA,--:--,--,2:25:12,98,3:40:00,107,05:18:00-05:21:00,114,6:57:00,119,7:58:00,119,8:52:00,132,10:14:00,146,12:08:00,154,14:04:00,181,15:14:00-15:28:00,182,17:07:43-17:12:00,173,--:--,,19:50:00,162,--:--,,22:04:00,159,22:54:00,156,24:26:00,151,25:37:00,132,26:35:00,118,27:48:13,112,28:03:00,109
110,28:05:08,184,Josh,Grant,M,46,Morgan Hill,CA,USA,--:--,--,2:41:59,200,3:58:00,179,05:34:00-05:41:00,157,7:15:00,150,8:08:00,138,8:49:00,124,10:08:00,140,11:50:00,133,13:15:00,135,14:22:00-14:46:00,134,16:17:01-16:20:00,129,--:--,,18:43:00,116,--:--,,21:03:00,116,21:59:00,117,23:51:00,121,25:19:00,111,26:23:00,106,27:48:10,111,28:05:08,110
111,28:05:20,252,Scott,Laplante,M,48,Tigard,OR,USA,--:--,--,2:28:35,124,3:55:00,174,05:54:00-06:02:00,198,7:49:00,211,8:54:00,207,9:51:00,212,11:03:00,204,12:53:00,207,14:01:00,179,15:03:00-15:12:00,167,16:43:57-16:55:00,151,--:--,,19:26:00,146,--:--,,21:42:00,143,22:26:00,136,23:56:00-24:05:00,129,25:29:00,128,26:33:00,114,27:49:11,114,28:05:20,111
112,28:06:00,373,Jay,Smithberger,M,51,Yellow Springs,OH,USA,--:--,--,2:15:25,62,3:26:00,72,04:56:00-05:00:00,72,6:24:00,73,7:15:00,72,7:55:00,70,8:53:00,70,10:21:00,70,11:40:00,76,12:48:00-12:59:00,75,14:22:38-14:55:00,69,--:--,,17:16:00,80,--:--,,20:11:00,89,20:56:00,86,23:15:00-23:35:00,102,25:10:00,104,26:24:00,109,27:46:24,110,28:06:00,112
113,28:06:50,105,Debbie,Booth,F,48,Auburn,CA,USA,--:--,--,2:37:36,180,3:59:00,190,05:52:00-05:58:00,195,7:45:00,202,8:45:00,187,9:38:00,195,10:57:00,198,12:38:00,187,13:59:00,177,15:08:00-15:14:00,175,16:55:16-16:57:00,157,--:--,,19:34:00,152,--:--,,21:34:00,137,22:24:00,133,23:53:00-23:58:00,124,25:21:00,114,26:28:00,110,27:48:17,113,28:06:50,113
114,28:07:46,69,Aaron,Ellison,M,45,Ellicott City,MD,USA,--:--,--,2:18:15,74,3:25:00,70,04:55:00-04:57:00,70,6:32:00,80,7:37:00,90,8:24:00,97,10:08:00,141,11:55:00,142,13:06:00,129,14:37:00-15:10:00,148,16:38:07-16:39:00,145,--:--,,18:57:00,127,--:--,,21:11:00,124,--:--,,23:58:00-24:18:00,131,25:26:00,122,26:41:00,127,27:50:24,115,28:07:46,114
115,28:08:40,247,Stephen,Kukta,M,56,Indian Wells,CA,USA,--:--,--,2:21:26,85,3:32:00,88,05:04:00-05:06:00,85,6:37:00,84,7:30:00,84,8:12:00,84,9:16:00,87,10:47:00,84,11:58:00,84,13:06:00-13:14:00,85,14:47:03-14:57:00,80,--:--,,17:31:00,82,--:--,,20:04:00,88,21:14:00,98,23:00:00-23:19:00,98,24:50:00,97,26:12:00,100,27:41:52,107,28:08:40,115
116,28:13:21,153,Sean,Dempsey,M,48,Los Altos,CA,USA,--:--,--,2:49:21,246,4:10:00,228,05:56:00-06:00:00,214,7:38:00,186,8:37:00,171,9:21:00,171,10:26:00,161,12:02:00,149,13:20:00,140,14:27:00-14:38:00,141,16:11:05-16:15:00,125,--:--,,18:57:00,125,--:--,,20:57:00,112,21:56:00,114,23:37:00-23:50:00,111,25:14:00,107,26:30:00,112,27:50:57,116,28:13:21,116
117,28:17:11,108,Kevin,Doty,M,42,Longmont,CO,USA,--:--,--,2:33:46,156,3:50:00,149,05:27:00-05:32:00,145,7:05:00,135,8:06:00,129,8:51:00,130,10:02:00,128,11:49:00,132,13:17:00,136,14:28:00-14:55:00,142,16:56:54-17:10:00,159,--:--,,19:54:00,164,--:--,,22:02:00,157,22:48:00,148,24:17:00-24:26:00,142,25:42:00,139,26:44:00,129,27:55:50,118,28:17:11,117
118,28:19:27,152,Claudine,Roghi,F,52,West Melbourne,FL,USA,--:--,--,2:38:02,183,3:58:00,178,05:42:00-05:47:00,173,7:29:00,171,8:32:00,166,9:17:00,166,10:24:00,159,12:16:00,164,13:39:00,158,14:50:00-14:59:00,158,16:34:59-16:37:00,143,--:--,,19:04:00,131,--:--,,21:19:00,127,22:09:00,121,23:50:00-23:53:00,119,25:24:00,121,26:39:00,123,27:55:34,117,28:19:27,118
119,28:20:01,227,Tony,Johns,M,47,Everett,WA,USA,--:--,--,2:42:42,205,4:04:00,204,05:55:00-05:58:00,203,7:34:00,179,8:31:00,165,9:20:00,170,10:35:00,172,12:12:00,162,13:41:00,161,14:49:00-14:55:00,156,16:37:20-16:39:00,144,--:--,,19:25:00,145,--:--,,21:50:00,150,22:34:00,139,24:08:00-24:14:00,137,25:40:00,135,26:47:00,135,27:59:09,120,28:20:01,119
120,28:20:51,331,Vagn,Steen,M,64,Brecksville,OH,USA,--:--,--,2:47:45,232,4:06:00,211,05:55:00-06:03:00,210,7:44:00,197,8:54:00,208,9:45:00,204,10:55:00,193,12:36:00,185,13:58:00,176,15:03:00-15:37:00,171,16:58:39-17:03:00,162,--:--,,19:23:00,144,--:--,,21:28:00,135,22:15:00,127,23:54:00-24:05:00,126,25:23:00,118,26:33:00,115,28:00:07,122,28:20:51,120
121,28:21:50,322,Scott,Slater,M,43,Guilford,CT,USA,--:--,--,2:31:38,141,3:46:00,136,05:24:00-05:29:00,132,7:05:00,136,8:04:00,128,8:52:00,133,10:23:00,157,12:19:00,166,13:50:00,166,15:06:00-15:18:00,172,17:14:22-17:15:00,180,--:--,,19:45:00,158,--:--,,22:05:00,161,22:57:00,158,24:20:00-24:29:00,149,25:41:00,137,26:47:00,133,28:02:59,125,28:21:50,121
122,28:22:51,73,Steve,Osborne,M,47,San Ramon,CA,USA,--:--,--,2:20:49,80,3:30:00,83,05:09:00-05:13:00,97,6:49:00,100,7:49:00,109,8:32:00,109,9:44:00,107,11:36:00,122,13:01:00,123,14:16:00-14:30:00,130,16:03:06-16:05:00,118,--:--,,18:43:00,115,--:--,,21:02:00,115,21:44:00,109,23:33:00-23:38:00,108,25:20:00,113,26:33:00,116,28:02:31,124,28:22:51,122
123,28:22:57,161,Daigo,Echizenya,M,52,Dublin,CA,USA,--:--,--,2:21:41,86,3:38:00,103,05:22:00-05:27:00,125,7:08:00,141,8:01:00,124,8:45:00,118,9:51:00,113,11:36:00,121,13:01:00,121,14:16:00-14:30:00,129,16:03:04-16:05:00,117,--:--,,18:43:00,114,--:--,,21:02:00,114,21:44:00,108,23:33:00-23:38:00,109,25:20:00,112,26:33:00,113,28:02:22,123,28:22:57,123
124,28:23:45,262,Bill,Dittman,M,33,Brookfield,WI,USA,--:--,--,2:21:11,81,3:30:00,82,04:58:00-05:06:00,73,6:39:00,87,7:32:00,87,8:12:00,85,9:25:00,95,10:54:00,89,12:12:00,90,13:20:00-13:38:00,90,15:15:16-15:17:00,91,--:--,,18:01:00,94,--:--,,20:18:00,94,20:59:00,87,23:23:00-23:43:00,107,25:09:00,103,26:23:00,107,28:04:37,127,28:23:45,124
125,28:23:57,296,John,Nobles,M,36,Tulsa,OK,USA,--:--,--,2:15:28,63,3:22:00,62,04:51:00-04:53:00,65,6:25:00,75,7:13:00,69,7:58:00,75,9:12:00,83,11:09:00,97,12:47:00,112,14:16:00-15:01:00,131,17:04:32-17:12:00,170,--:--,,19:56:00,168,--:--,,22:06:00,163,22:51:00,151,24:20:00-24:26:00,147,25:44:00,143,26:52:00,141,28:06:11,131,28:23:57,125
126,28:24:26,174,Mark,Frey,M,41,Pittsburgh,PA,USA,--:--,--,2:04:50,47,3:05:00,47,04:27:00-04:29:00,47,6:00:00,50,7:01:00,56,7:37:00,56,8:51:00,66,10:32:00,77,11:55:00,83,12:58:00-13:10:00,80,14:55:15-14:55:59,84,--:--,,17:05:00,76,--:--,,20:31:00,105,21:45:00,110,23:22:00-23:34:00,105,25:08:00,102,26:23:00,105,27:56:33,119,28:24:26,126
127,28:24:32,195,Tyler,Hall,M,48,Morgan,UT,USA,--:--,--,2:40:44,194,3:58:00,186,05:45:00-05:51:00,181,7:27:00,165,8:26:00,156,9:13:00,162,10:36:00,173,12:11:00,161,13:29:00,153,14:30:00-14:36:00,143,16:11:19-16:13:00,126,--:--,,18:47:00,118,--:--,,21:03:00,117,22:01:00,119,23:44:00-23:54:00,114,25:28:00,125,26:34:00,117,27:59:24,121,28:24:32,127
128,28:26:10,344,Tom,Tighe,M,46,Pulaski,NY,USA,--:--,--,2:36:29,171,3:51:00,155,05:30:00-05:37:00,151,7:08:00,140,8:06:00,130,8:50:00,129,9:58:00,127,11:50:00,134,13:11:00,133,14:27:00-14:35:00,139,16:05:41-16:10:00,121,--:--,,18:35:00,111,--:--,,21:12:00,125,22:11:00,125,23:51:00-23:57:00,122,25:27:00,123,26:41:00,126,28:05:52,130,28:26:10,128
129,28:26:46,251,Kelly,Lance,M,53,Pocatello,ID,USA,--:--,--,2:46:11,226,4:10:00,229,5:58:00,218,7:46:00,208,8:55:00,210,9:48:00,208,11:00:00,201,12:42:00,191,13:46:00,165,14:56:00-15:05:00,163,16:23:22-16:24:00,135,--:--,,18:40:00,112,--:--,,21:06:00,120,22:23:00,132,23:58:00-24:02:00,130,25:23:00,119,26:38:00,121,28:04:36,126,28:26:46,129
130,28:27:06,369,Spencer,Punter,M,50,Burlingame,CA,USA,--:--,--,2:47:51,234,4:10:00,230,05:47:00-05:53:00,187,7:28:00,168,8:28:00,162,9:13:00,163,10:24:00,160,12:08:00,156,13:24:00,148,14:37:00-14:51:00,147,16:23:56-16:25:00,137,--:--,,19:06:00,133,--:--,,21:22:00,130,22:13:00,126,23:52:00-24:03:00,123,25:28:00,126,26:45:00,132,28:04:47,128,28:27:06,130
131,28:28:59,278,Vincent,Matteo,M,53,Cave Creek,AZ,USA,--:--,--,2:32:50,146,3:49:00,145,05:25:00-05:29:00,137,7:06:00,138,8:07:00,133,8:49:00,123,9:54:00,120,11:39:00,123,13:02:00,124,14:13:00-14:18:00,124,15:59:51-16:13:00,112,--:--,,19:03:00,130,--:--,,21:38:00,139,22:24:00,134,24:08:00-24:12:00,135,25:40:00,136,26:56:00,144,28:10:27,135,28:28:59,131
132,28:29:56,97,Drew,Bennett,M,57,Northville,MI,USA,--:--,--,2:58:08,286,4:22:00,269,06:14:00-06:19:00,246,8:08:00,239,9:12:00,229,10:03:00,229,11:16:00,224,13:00:00,215,14:19:00,202,15:26:00-15:36:00,192,17:22:40-17:24:00,185,--:--,,20:10:00,180,--:--,,22:04:00,160,22:50:00,150,24:18:00-24:26:00,144,25:42:00,140,26:48:00,136,28:06:49,133,28:29:56,132
133,28:31:25,215,Olga,Huber,F,50,Macedon,NY,USA,--:--,--,2:49:23,248,4:15:00,241,06:00:00-06:17:00,225,7:59:00,227,9:12:00,227,9:56:00,218,11:14:00,219,12:45:00,193,13:54:00,173,15:02:00-15:09:00,166,16:46:23-16:48:00,154,--:--,,19:17:00,140,--:--,,21:15:00,126,21:57:00,115,23:47:00-23:52:00,117,25:30:00,129,26:42:00,128,28:09:34,134,28:31:25,133
134,28:31:42,124,Joel,Carson,M,51,Carmichael,CA,USA,--:--,--,2:40:45,195,4:07:00,213,06:11:00-06:17:00,241,8:07:00,237,9:13:00,231,10:03:00,225,11:14:00,220,12:46:00,194,14:07:00,187,15:10:00-15:18:00,178,16:53:44-16:54:00,156,--:--,,19:27:00,147,--:--,,21:49:00,148,22:39:00,144,24:12:00-24:14:00,139,25:38:00,133,26:49:00,137,28:11:36,137,28:31:42,134
135,28:32:12,166,Clare,Farrow,F,27,Lakewood,CO,USA,--:--,--,2:49:49,252,4:13:00,235,05:55:00-06:01:00,206,7:38:00,187,8:37:00,172,9:20:00,169,10:29:00,165,12:02:00,150,13:20:00,141,14:26:00-14:35:00,137,16:11:26-16:13:00,127,--:--,,18:48:00,119,--:--,,21:05:00,119,21:51:00,113,23:42:00-23:49:00,113,25:21:00,116,26:44:00,130,28:05:34,129,28:32:12,135
136,28:32:56,244,Susan,Kramer,F,56,Peoria,AZ,USA,--:--,--,2:24:26,96,3:37:00,98,05:09:00-05:11:00,95,6:49:00,99,7:48:00,106,8:30:00,105,9:45:00,109,11:34:00,117,12:59:00,119,14:12:00-14:20:00,123,16:23:29-16:24:00,136,--:--,,18:44:00,117,--:--,,20:55:00,111,21:46:00,112,23:34:00-23:48:00,110,25:21:00,117,26:41:00,125,28:13:03,140,28:32:56,136
137,28:33:23,320,Sarah,Seads,F,45,Courtenay,BC,CAN,--:--,--,2:27:21,111,3:42:00,120,05:14:00-05:16:00,105,7:00:00,126,8:02:00,125,8:50:00,128,10:24:00,158,12:23:00,171,13:54:00,174,15:03:00-15:22:00,169,16:59:26-17:05:00,163,--:--,,19:34:00,153,--:--,,21:49:00,149,22:27:00,137,24:08:00-24:11:00,136,25:38:00,134,26:52:00,142,28:12:00,138,28:33:23,137
138,28:34:13,114,Jesse,Canfield,M,42,Apalachin,NY,USA,--:--,--,2:46:10,225,4:07:00,218,05:56:00-05:59:00,211,7:52:00,215,8:53:00,204,9:39:00,198,10:49:00,184,12:57:00,208,14:24:00,208,15:31:00-15:42:00,195,17:32:17-17:33:00,192,--:--,,20:09:00,178,--:--,,22:13:00,168,22:52:00,154,24:26:00-24:29:00,152,25:44:00,141,26:47:00,134,28:10:46,136,28:34:13,138
139,28:35:14,287,Marcin,Mrowka,M,51,Brooklyn,NY,USA,--:--,--,2:29:17,129,3:44:00,129,05:24:00-05:31:00,134,7:10:00,146,8:21:00,154,9:10:00,156,10:21:00,154,12:12:00,163,13:36:00,156,14:47:00-14:52:00,154,16:22:12-16:25:00,133,--:--,,19:14:00,137,--:--,,21:40:00,140,22:23:00,130,24:06:00-24:16:00,134,25:44:00,142,26:52:00,140,28:14:48,141,28:35:14,139
140,28:35:40,245,Shane,Kroth,M,49,Portland,OR,USA,--:--,--,2:30:11,132,3:42:00,118,05:16:00-05:21:00,110,6:48:00,96,7:41:00,94,8:23:00,95,9:24:00,94,11:01:00,93,12:19:00,92,13:45:00-14:27:00,101,16:26:43-16:28:00,140,--:--,,19:07:00,134,--:--,,21:40:00,141,22:38:00,143,24:26:00-24:37:00,154,26:02:00,154,27:07:00,147,28:19:06,143,28:35:40,140
141,28:35:59,207,James,Heun,M,62,Burton,OH,USA,--:--,--,2:27:08,109,3:40:00,113,05:15:00-05:19:00,108,6:57:00,118,7:57:00,116,8:44:00,117,9:53:00,119,11:35:00,120,12:57:00,116,14:10:00-14:25:00,122,16:19:23-16:23:00,131,--:--,,18:57:00,122,--:--,,21:21:00,128,22:09:00,122,23:55:00-24:05:00,128,25:33:00,131,26:45:00,131,28:06:12,132,28:35:59,141
142,28:38:47,281,Robin,Mcdearmon,M,50,Laguna Beach,CA,USA,--:--,--,2:37:29,178,3:58:00,181,05:47:00-05:54:00,188,7:32:00,177,8:48:00,193,9:38:00,196,10:55:00,192,12:57:00,209,14:41:00,228,15:43:00-15:58:00,207,17:32:21-17:37:00,193,--:--,,20:00:00,172,--:--,,22:07:00,164,22:53:00,155,24:20:00-24:24:00,146,25:49:00,145,26:52:00,139,28:12:39,139,28:38:47,142
143,28:39:12,380,Mike,Rohner,M,41,Dubuque,IA,USA,--:--,--,2:41:06,197,3:58:00,182,05:38:00-05:44:00,161,7:17:00,154,8:15:00,148,9:00:00,147,10:05:00,133,11:45:00,128,13:09:00,131,14:13:00-14:24:00,126,16:04:01-16:10:00,120,--:--,,18:50:00,120,--:--,,21:11:00,123,22:00:00,118,23:50:00,118,25:24:00,120,26:38:00,122,28:16:02,142,28:39:12,143
144,28:50:26,88,Victor,Yang,M,45,Palos Verdes estates,CA,USA,--:--,--,2:54:18,271,4:20:00,261,06:16:00-06:21:00,252,8:11:00,241,9:12:00,228,10:03:00,228,11:24:00,232,13:03:00,220,14:14:00,194,15:22:00-15:25:00,187,16:58:08-16:58:58,160,--:--,,19:33:00,151,--:--,,21:44:00,146,22:35:00,141,24:20:00-24:26:00,148,25:41:00,138,26:54:00,143,28:25:08,144,28:50:26,144
145,28:50:36,99,Sarah,Greenlee,F,36,San Diego,CA,USA,--:--,--,2:43:42,215,4:03:00,203,05:46:00-05:54:00,184,7:35:00,182,8:37:00,173,9:21:00,172,10:34:00,171,12:19:00,168,13:41:00,162,14:52:00-15:05:00,160,16:58:26-17:00:00,161,--:--,,19:49:00,161,--:--,,22:01:00,156,22:56:00,157,24:41:00-24:47:00,160,26:10:00,156,27:14:00,152,28:30:55,146,28:50:36,145
146,28:51:04,333,Taylor,Sheridan,F,29,Reno,NV,USA,--:--,--,2:33:44,155,3:52:00,163,05:41:00-05:44:00,172,7:28:00,167,8:26:00,157,9:12:00,159,10:36:00,174,12:19:00,167,13:52:00,170,15:03:00-15:13:00,168,17:03:11-17:04:00,167,--:--,,19:34:00,154,--:--,,21:51:00,151,22:27:00,138,24:08:00-24:16:00,138,25:44:00,144,26:56:00,145,28:28:58,145,28:51:04,146
147,28:52:09,300,Panya,Somnhot,M,39,Ashland,OR,USA,--:--,--,2:58:04,284,4:22:00,268,06:14:00-06:17:00,245,7:54:00,222,8:52:00,200,9:41:00,200,10:51:00,186,12:30:00,178,13:56:00,175,15:06:00-15:23:00,173,17:10:37-17:11:00,176,--:--,,19:57:00,169,--:--,,22:14:00,169,23:03:00,162,24:34:00-24:38:00,156,25:59:00,151,27:11:00,149,28:35:01,150,28:52:09,147
148,28:55:51,412,Tom,Pluim,M,43,Suffolk,VA,USA,--:--,--,2:34:28,162,3:51:00,156,05:34:00-05:39:00,156,7:26:00,164,8:29:00,164,9:12:00,161,10:16:00,150,11:47:00,130,13:18:00,137,14:32:00-14:53:00,145,16:40:00-16:42:00,146,--:--,,19:16:00,139,--:--,,21:35:00,138,22:23:00,131,24:18:00,143,25:52:00,146,27:06:00,146,28:33:29,149,28:55:51,148
149,28:56:12,120,Donal,Carroll,M,54,San Francisco,CA,USA,--:--,--,2:37:47,181,3:51:00,154,05:24:00-05:39:00,135,7:10:00,143,8:10:00,140,8:57:00,146,10:19:00,153,12:01:00,145,13:25:00,149,14:54:00-15:25:00,161,17:02:10-17:04:00,166,--:--,,19:38:00,155,--:--,,21:43:00,144,22:50:00,149,24:26:00-24:39:00,155,25:56:00,147,27:08:00,148,28:36:32,151,28:56:12,149
150,28:57:03,240,Peter,Kleuser,M,43,Kingston Springs,TN,USA,--:--,--,2:34:26,160,3:50:00,148,05:26:00-05:32:00,141,7:13:00,149,8:16:00,150,8:55:00,139,10:18:00,152,12:09:00,157,13:51:00,168,15:03:00-15:19:00,170,17:06:06-17:08:00,172,--:--,,19:58:00,171,--:--,,22:22:00,172,23:17:00,172,24:51:00-24:55:00,165,26:11:00,159,27:18:00,155,28:37:47,152,28:57:03,150
151,28:58:01,50,Tom,Afschar,M,50,South Pasadena,CA,USA,--:--,--,2:37:11,176,3:54:00,171,05:38:00-05:42:00,163,7:25:00,162,8:21:00,155,9:06:00,153,10:14:00,149,11:52:00,140,13:11:00,134,14:21:00-14:32:00,132,16:19:39-16:20:00,132,--:--,,19:02:00,129,--:--,,21:43:00,145,22:36:00,142,24:25:00-24:30:00,150,25:56:00,149,27:15:00,154,28:39:05,153,28:58:01,151
152,29:00:23,193,Abram,Haen,M,39,Truckee,CA,USA,--:--,--,2:31:07,137,3:44:00,128,05:18:00-05:20:00,112,6:53:00,109,--:--,,8:40:00,114,9:50:00,110,11:21:00,110,12:47:00,113,13:51:00-14:29:00,108,16:09:35-16:11:00,122,--:--,,18:52:00,121,--:--,,21:22:00,129,22:10:00,124,23:55:00-24:01:00,127,25:33:00,130,26:50:00,138,28:31:09,147,29:00:23,152
153,29:02:40,162,Klas,Eklof,M,50,Oakland,CA,USA,--:--,--,2:42:24,203,3:53:00,167,05:25:00-05:30:00,136,6:57:00,121,7:45:00,97,8:22:00,93,9:18:00,90,10:49:00,85,11:54:00,82,13:00:00-13:06:00,81,14:30:49-14:32:00,74,--:--,,16:51:00,71,--:--,,20:29:00,103,21:33:00,106,23:23:00-23:29:00,106,25:28:00,127,26:40:00,124,28:31:54,148,29:02:40,153
154,29:02:43,76,Jim,McCaffrey,M,44,Hamden,CT,USA,--:--,--,2:45:53,223,4:07:00,220,05:56:00-06:00:00,213,7:45:00,200,8:54:00,209,9:42:00,201,10:56:00,197,12:34:00,182,14:02:00,180,15:12:00-15:27:00,179,17:01:57-17:03:00,165,--:--,,19:27:00,150,--:--,,22:05:00,162,23:10:00,165,25:01:00-25:03:00,176,26:14:00,160,27:29:00,161,28:48:31,159,29:02:43,154
155,29:07:50,177,Joseph,Gallitano,M,39,Philadelphia,PA,USA,--:--,--,2:33:40,154,3:50:00,151,05:25:00-06:41:00,139,7:16:00,153,8:14:00,145,8:56:00,144,10:17:00,151,12:01:00,146,13:22:00,145,14:45:00-15:02:00,152,16:45:13-16:48:00,153,--:--,,19:51:00,163,--:--,,22:03:00,158,23:02:00,160,24:39:00-24:53:00,158,26:11:00,158,27:20:00,156,28:45:34,156,29:07:50,155
156,29:09:43,340,Philippe,Thenot,M,48,Marietta,GA,USA,--:--,--,2:46:21,227,4:09:00,226,06:03:00-06:08:00,229,7:56:00,224,8:53:00,203,9:37:00,193,11:07:00,206,13:28:00,240,14:47:00,236,16:03:00-16:12:00,230,17:50:48-18:11:00,207,--:--,,20:29:00,196,--:--,,22:47:00,197,23:28:00,186,24:57:00-25:05:00,168,26:17:00,163,27:28:00,160,28:48:45,160,29:09:43,156
157,29:10:53,399,Scott,Bowman,M,49,Signal Mountain,TN,USA,--:--,--,2:37:11,175,3:58:00,187,05:49:00-05:53:00,189,7:45:00,201,8:51:00,198,9:46:00,205,11:19:00,227,12:48:00,196,14:10:00,190,15:20:00-15:23:00,184,17:03:24-17:04:00,168,--:--,,19:45:00,159,--:--,,22:07:00,165,22:51:00,153,24:26:00-24:30:00,153,26:00:00,152,27:12:00,150,28:45:58,157,29:10:53,157
158,29:11:34,113,Robb,Gushiken,M,42,Carabietta,CHE,CHE,--:--,--,2:25:51,102,3:35:00,92,05:09:00-05:20:00,98,6:49:00,98,7:45:00,99,8:26:00,98,9:53:00,118,11:26:00,113,12:44:00,110,13:57:00-14:48:00,114,16:25:21-16:33:00,139,--:--,,19:22:00,143,--:--,,21:57:00,154,22:46:00,147,24:41:00-24:50:00,161,26:06:00,155,27:15:00,153,28:42:39,154,29:11:34,158
159,29:11:38,126,Michael,Bunda,M,40,Saint Paul,MN,USA,--:--,--,2:46:02,224,4:06:00,209,05:52:00-05:56:00,193,7:35:00,181,8:33:00,169,9:19:00,167,10:29:00,164,12:10:00,159,13:37:00,157,13:48:00-15:03:00,102,16:45:03-16:46:00,152,--:--,,19:21:00,142,--:--,,21:41:00,142,22:25:00,135,24:17:00-24:19:00,141,25:56:00,148,27:13:00,151,28:45:01,155,29:11:38,159
160,29:12:06,59,Mike,Acer,M,59,Yardley,PA,USA,--:--,--,2:41:59,201,4:07:00,217,05:54:00-06:01:00,199,7:44:00,198,8:49:00,195,9:33:00,185,10:47:00,180,12:29:00,176,14:17:00,197,15:35:00-16:11:00,199,17:54:49,213,--:--,,20:29:00,197,--:--,,22:30:00,181,23:16:00,171,24:58:00-25:00:00,169,26:21:00,166,27:30:00,162,28:48:23,158,29:12:06,160
161,29:15:28,243,Shaun,Koehler,M,42,Wake forest,NC,USA,--:--,--,2:39:11,192,4:07:00,215,06:21:00-06:53:00,259,8:34:00,268,9:40:00,255,10:29:00,253,11:45:00,250,13:34:00,245,15:04:00,245,16:11:00-16:20:00,236,18:06:43-18:08:00,220,--:--,,20:47:00,207,--:--,,22:46:00,196,23:29:00,187,25:00:00-25:04:00,172,26:26:00,168,27:31:00,163,28:51:51,162,29:15:28,161
162,29:16:50,309,Tex,Ritter,M,64,Grass Valley,CA,USA,--:--,--,2:38:29,186,3:59:00,191,05:55:00-06:03:00,208,8:06:00,235,9:15:00,235,10:09:00,237,11:29:00,237,13:15:00,232,14:44:00,234,15:54:00-16:10:00,223,17:59:13-18:01:00,215,--:--,,20:31:00,198,--:--,,22:43:00,194,23:25:00,183,25:01:00-25:09:00,177,26:32:00,172,27:42:00,169,28:56:37,163,29:16:50,162
163,29:17:16,145,Jim,Daniels,M,48,Front Royal,VA,USA,--:--,--,2:45:16,221,4:06:00,210,05:47:00-05:53:00,186,7:53:00,218,8:58:00,213,9:48:00,207,10:57:00,199,12:48:00,195,14:05:00,182,15:15:00-15:52:00,183,17:42:51-17:46:00,199,--:--,,20:13:00,186,--:--,,22:25:00,176,23:12:00,167,24:49:00-24:53:00,163,26:11:00,157,27:23:00,158,28:51:32,161,29:17:16,163
164,29:18:00,392,Jason,Crowe,M,48,Newark,IL,USA,--:--,--,2:29:34,131,3:43:00,126,05:20:00-05:27:00,122,7:02:00,131,8:06:00,131,8:55:00,138,10:12:00,145,11:51:00,137,13:26:00,151,14:45:00-14:58:00,151,16:53:33-17:31:00,155,--:--,,19:27:00,149,--:--,,21:51:00,152,22:43:00,146,24:39:00-24:44:00,157,26:21:00,165,27:33:00,166,28:58:57,165,29:18:00,164
165,29:18:09,133,Matthew,Clark,M,53,Highland,UT,USA,--:--,--,2:33:17,151,3:49:00,143,05:27:00-05:32:00,146,7:10:00,144,8:08:00,137,8:56:00,141,10:08:00,137,12:02:00,148,13:35:00,155,15:06:00,,16:41:50-16:45:00,149,--:--,,19:27:00,148,--:--,,21:45:00,147,22:42:00,145,24:18:00-24:35:00,145,26:02:00,153,27:22:00,157,28:57:10,164,29:18:09,165
166,29:19:06,259,Scott,Lee,M,50,Haymarket,VA,USA,--:--,--,2:34:21,159,3:50:00,152,05:22:00-05:26:00,126,7:02:00,130,8:11:00,142,8:56:00,142,10:04:00,131,11:39:00,124,13:21:00,143,14:46:00-15:19:00,153,17:13:29-17:14:00,179,--:--,,20:11:00,183,--:--,,22:29:00,179,23:14:00,169,24:46:00-24:52:00,162,26:20:00,164,27:33:00,165,29:00:24,167,29:19:06,166
167,29:21:12,286,Shalise,Morgan,F,46,Pleasant Grove,UT,USA,--:--,--,2:21:49,88,3:38:00,104,05:19:00-05:24:00,119,7:04:00,133,8:07:00,135,8:55:00,137,10:06:00,134,12:00:00,144,13:28:00,152,14:43:00-15:00:00,149,16:41:09-16:44:00,147,--:--,,19:41:00,156,--:--,,22:16:00,170,23:11:00,166,25:00:00-25:05:00,174,26:28:00,169,--:--,,28:59:45,166,29:21:12,167
168,29:23:00,260,Charley,Jones,M,49,Folsom,CA,USA,--:--,--,2:48:47,242,4:17:00,248,06:20:00-06:27:00,255,8:17:00,250,9:19:00,240,10:06:00,234,11:14:00,222,12:52:00,205,14:13:00,192,15:25:00-15:32:00,188,17:17:00-17:21:00,182,--:--,,19:49:00,160,--:--,,22:00:00,155,23:00:00,159,24:40:00-24:52:00,159,26:16:00,161,27:32:00,164,29:01:58,169,29:23:00,168
169,29:27:13,219,Sheri,Poskanzer,F,32,Boise,ID,USA,--:--,--,2:40:08,193,3:59:00,195,05:43:00-05:46:00,174,7:27:00,166,8:20:00,153,9:04:00,152,10:11:00,144,12:03:00,152,13:25:00,150,14:36:00-14:47:00,146,16:32:20-16:32:59,141,--:--,,19:17:00,141,--:--,,21:29:00,136,22:19:00,129,24:06:00-24:08:00,133,25:56:00,150,27:23:00,159,29:01:22,168,29:27:13,169
170,29:28:29,305,Marty,Reed,M,50,West Vancouver,BC,CAN,--:--,--,2:33:04,149,3:52:00,162,05:45:00-05:49:00,180,7:32:00,176,8:32:00,168,9:16:00,165,10:32:00,168,12:16:00,165,13:39:00,160,14:54:00-15:29:00,162,17:09:03-17:10:00,174,--:--,,19:55:00,167,--:--,,22:09:00,166,22:51:00,152,24:50:00-24:54:00,164,26:25:00,167,27:35:00,168,29:05:43,170,29:28:29,170
171,29:29:14,236,John,Kerschbaum,M,46,San Marcos,CA,USA,--:--,--,2:42:43,206,4:05:00,206,05:52:00-05:56:00,194,7:46:00,207,8:53:00,205,9:53:00,216,11:12:00,216,13:00:00,212,14:29:00,213,15:48:00-16:10:00,215,18:02:06-18:05:00,216,--:--,,20:53:00,212,--:--,,23:36:00,219,24:15:00,212,25:30:00-25:32:00,199,26:46:00,187,27:54:00,177,29:09:47,172,29:29:14,171
172,29:31:35,374,Kuni,Yamagata,M,68,Citrus Heights,CA,USA,--:--,--,2:53:34,270,4:17:00,252,06:00:00-06:10:00,222,8:01:00,230,9:05:00,218,9:57:00,219,11:10:00,212,12:52:00,204,14:16:00,195,15:26:00-15:32:00,191,17:22:34-17:23:00,184,--:--,,20:05:00,175,--:--,,22:24:00,175,23:26:00,185,25:09:00-25:15:00,188,26:44:00,185,27:53:00,174,29:11:48,175,29:31:35,172
173,29:32:24,137,Sharleen,Stevens,F,38,Sioux Falls,SD,USA,--:--,--,3:12:21,310,4:43:00,303,06:53:00-07:03:00,300,8:58:00,287,9:55:00,277,10:49:00,271,12:00:00,264,13:49:00,255,15:28:00,256,16:34:00-16:46:00,247,18:35:27,241,--:--,,21:04:00,216,--:--,,23:39:00,220,24:28:00,214,25:43:00-25:47:00,209,26:54:00,195,27:58:00,184,29:11:31,174,29:32:24,173
174,29:33:09,348,John,Truelove,M,53,Terre Haute,IN,USA,--:--,--,2:21:17,83,3:44:00,130,05:44:00-05:55:00,179,7:45:00,203,8:45:00,188,9:34:00,187,10:52:00,187,12:31:00,179,13:51:00,169,15:09:00-15:22:00,177,17:09:32-17:10:00,175,--:--,,19:54:00,165,--:--,,22:24:00,174,23:15:00,170,24:58:00-25:09:00,170,26:32:00,173,27:49:00,172,29:08:05,171,29:33:09,174
175,29:33:27,257,Jae Hoon,Lee,M,55,La Crescenta,CA,USA,--:--,--,3:05:38,297,4:37:00,293,06:34:00-06:38:00,274,8:29:00,264,9:32:00,251,10:20:00,244,11:34:00,243,13:17:00,234,14:38:00,219,15:48:00-15:53:00,212,17:31:35-17:39:00,190,--:--,,20:11:00,182,--:--,,22:33:00,184,23:25:00,181,25:02:00-25:05:00,178,26:30:00,170,27:44:00,170,29:11:02,173,29:33:27,175
176,29:35:09,275,Aaron,Maas,M,40,Alpharetta,GA,USA,--:--,--,2:43:39,214,4:07:00,216,05:55:00-06:01:00,207,7:40:00,191,8:41:00,182,9:32:00,183,10:52:00,188,12:38:00,186,14:06:00,186,15:25:00-15:34:00,189,17:28:33-17:29:00,186,--:--,,20:15:00,189,--:--,,22:37:00,191,23:23:00,179,25:00:00-25:07:00,175,26:40:00,178,27:54:00,179,29:16:37,179,29:35:09,176
177,29:35:22,376,Kristin,Carbajal,F,42,Upland,CA,USA,--:--,--,2:42:18,202,4:06:00,212,06:00:00-06:13:00,224,7:59:00,228,9:08:00,222,9:58:00,221,11:08:00,207,12:50:00,200,14:23:00,206,15:33:00-15:39:00,196,17:32:05-17:33:00,191,--:--,,20:07:00,177,--:--,,22:27:00,177,23:18:00,173,25:02:00-25:07:00,179,26:40:00,180,27:53:00,175,29:12:44,176,29:35:22,177
178,29:39:48,294,Dan,Newman,M,52,San Francisco,CA,USA,--:--,--,2:48:19,238,4:10:00,233,06:06:00-06:12:00,236,7:56:00,223,8:59:00,215,9:53:00,214,11:13:00,218,13:00:00,213,14:34:00,216,15:39:00-15:45:00,203,17:35:43-17:38:00,195,--:--,,20:20:00,191,--:--,,22:42:00,192,23:24:00,180,25:05:00-25:08:00,183,26:40:00,179,27:54:00,180,29:17:13,180,29:39:48,178
179,29:40:41,68,Kara,Teklinski,F,47,Mill Valley,CA,USA,--:--,--,2:53:33,269,4:20:00,260,06:20:00-06:27:00,257,8:20:00,255,9:24:00,242,10:13:00,240,11:28:00,236,13:21:00,238,14:51:00,238,16:02:00-16:11:00,229,17:54:17-17:55:00,211,--:--,,20:34:00,200,--:--,,22:45:00,195,23:31:00,191,25:08:00-25:12:00,185,26:41:00,183,27:53:00,176,29:17:40,181,29:40:41,179
180,29:41:24,239,Eric,King,M,54,Redwood City,CA,USA,--:--,--,2:43:25,211,4:05:00,207,05:55:00-05:58:00,204,7:44:00,196,8:46:00,190,9:31:00,182,10:38:00,175,12:23:00,170,13:51:00,167,15:07:00-15:14:00,174,17:03:37-17:17:00,169,--:--,,19:45:00,157,--:--,,22:11:00,167,23:12:00,168,24:56:00,167,26:31:00,171,27:45:00,171,29:14:20,178,29:41:24,180
181,29:41:34,273,Jonathan,Lundy,M,44,Shepherdsville,KY,USA,--:--,--,2:15:04,59,3:23:00,65,04:58:00-05:06:00,74,7:00:00,125,8:26:00,159,--:--,,10:27:00,163,12:25:00,173,14:06:00,185,15:28:00-15:51:00,193,17:29:30-17:42:00,188,--:--,,20:12:00,185,--:--,,22:32:00,182,23:26:00,184,25:04:00-25:10:00,181,26:40:00,181,27:58:00,185,29:21:35,187,29:41:34,181
182,29:41:50,303,Azam,Poulatov,M,44,Brooklyn,NY,USA,--:--,--,2:52:01,261,4:20:00,259,06:14:00-06:22:00,248,8:12:00,244,9:17:00,237,10:04:00,232,11:19:00,226,13:06:00,222,14:24:00,207,15:44:00-15:57:00,208,17:41:14-17:46:00,197,--:--,,20:25:00,194,--:--,,23:03:00,207,23:51:00,198,25:24:00-25:28:00,197,26:46:00,188,28:03:00,196,29:22:35,190,29:41:50,182
183,29:42:14,325,Kirk,Smith,M,41,Freeville,NY,USA,--:--,--,2:27:53,118,3:46:00,137,05:34:00-05:38:00,155,7:18:00,155,8:18:00,151,9:08:00,154,10:31:00,166,12:23:00,169,14:11:00,191,15:25:00-15:55:00,190,17:30:36-17:33:00,189,--:--,,20:11:00,181,--:--,,23:02:00,206,23:54:00,200,25:23:00-25:26:00,195,26:48:00,192,27:59:00,188,29:19:07,183,29:42:14,183
184,29:42:25,266,Kenneth,Letterle,M,38,Houston,TX,USA,--:--,--,2:24:25,95,3:30:00,84,05:00:00-05:04:00,82,6:51:00,103,8:12:00,144,8:56:00,143,10:07:00,136,11:52:00,139,13:21:00,144,14:51:00-15:15:00,159,17:00:49-17:03:00,164,--:--,,20:06:00,176,--:--,,22:30:00,180,23:25:00,182,25:05:00-25:07:00,182,26:37:00,176,27:56:00,181,29:21:05,184,29:42:25,184
185,29:42:36,117,Ej,Maldonado,M,47,Carson City,NV,USA,--:--,--,2:36:20,169,3:53:00,166,05:40:00-05:46:00,170,7:33:00,178,8:39:00,174,9:30:00,179,10:48:00,182,12:36:00,183,14:06:00,184,15:21:00-15:34:00,186,17:16:31-17:20:00,181,--:--,,20:15:00,187,--:--,,22:35:00,186,23:23:00,177,25:08:00-25:16:00,187,26:51:00,193,28:02:00,193,29:22:08,189,29:42:36,185
186,29:42:57,58,John,Trent,M,58,Reno,NV,USA,--:--,--,2:40:45,196,4:02:00,201,05:55:00-06:00:00,205,7:45:00,205,8:52:00,201,9:49:00,211,11:09:00,211,12:50:00,201,14:19:00,201,15:20:00-15:28:00,185,17:11:48-17:14:00,177,--:--,,19:57:00,170,--:--,,22:23:00,173,23:09:00,164,25:00:00-25:03:00,171,26:43:00,184,27:58:00,186,29:24:44,194,29:42:57,186
187,29:43:10,253,Alexander,Larson,M,43,South Lake Tahoe,CA,USA,--:--,--,2:41:43,199,3:59:00,196,05:52:00-05:59:00,196,7:51:00,214,8:56:00,211,9:47:00,206,11:13:00,217,13:04:00,221,14:27:00,211,15:40:00-15:55:00,205,17:42:01-17:43:00,198,--:--,,20:09:00,179,--:--,,22:37:00,189,23:33:00,193,25:11:00-25:14:00,189,26:41:00,182,27:54:00,178,29:21:30,186,29:43:10,187
188,29:43:48,237,Ken,Kilar,M,52,Pasadena,CA,USA,--:--,--,2:37:31,179,3:52:00,161,05:31:00-05:35:00,152,7:15:00,151,8:54:00,206,9:44:00,202,11:02:00,202,12:53:00,206,14:29:00,214,15:48:00-16:01:00,214,17:47:18-17:49:00,206,--:--,,20:20:00,190,--:--,,22:36:00,188,23:22:00,176,25:06:00-25:11:00,184,26:40:00,177,27:58:00,183,29:21:22,185,29:43:48,188
189,29:44:18,192,Mike,Grimm,M,60,Los Altos Hills,CA,USA,--:--,--,2:43:46,217,4:09:00,224,05:56:00-06:03:00,215,7:44:00,195,8:47:00,191,9:36:00,190,10:56:00,194,12:33:00,181,13:54:00,172,15:13:00-15:31:00,181,17:20:47-17:23:00,183,--:--,,20:04:00,174,--:--,,22:22:00,171,23:09:00,163,24:52:00-24:53:00,166,26:17:00,162,27:35:00,167,29:13:55,177,29:44:18,189
190,29:44:43,231,Wade,Kao,M,47,Houston,TX,USA,--:--,--,2:58:02,283,4:22:00,267,06:14:00-06:18:00,244,8:10:00,240,9:14:00,233,10:04:00,231,11:18:00,225,13:06:00,224,14:36:00,217,15:50:00-15:57:00,216,17:57:00-17:59:00,214,--:--,,20:37:00,202,--:--,,22:58:00,201,23:47:00,197,25:24:00-25:28:00,196,26:55:00,196,28:00:00,190,29:22:05,188,29:44:43,190
191,29:44:57,357,Christine,Vincent,F,49,Roseville,CA,USA,--:--,--,2:58:17,288,4:31:00,283,06:39:00-06:45:00,283,8:42:00,275,10:00:00,282,10:54:00,278,12:11:00,271,13:50:00,257,15:21:00,252,16:32:00-16:38:00,245,18:18:01-18:19:00,235,--:--,,20:48:00,208,--:--,,23:01:00,205,23:51:00,199,25:24:00-25:28:00,198,26:55:00,197,28:06:00,198,29:25:01,196,29:44:57,191
192,29:45:02,142,Satpal,Dalal,M,46,Cupertino,CA,USA,--:--,--,2:52:20,262,4:17:00,246,06:13:00-06:24:00,243,8:13:00,246,9:18:00,239,10:03:00,226,11:25:00,233,13:12:00,228,14:43:00,232,15:57:00-16:24:00,224,18:06:07-18:07:00,219,--:--,,20:45:00,205,--:--,,23:00:00,204,23:55:00,201,25:21:00-25:29:00,194,26:48:00,191,28:00:00,189,29:26:12,198,29:45:02,192
193,29:45:15,208,April,Wilbur,F,43,Boise,ID,USA,--:--,--,2:49:46,251,4:24:00,272,06:34:00-06:43:00,277,8:41:00,273,9:42:00,259,10:39:00,262,11:59:00,263,13:39:00,248,15:02:00,244,16:12:00-16:25:00,238,18:12:02-18:17:00,225,--:--,,21:08:00,221,--:--,,23:21:00,215,24:06:00,208,25:32:00-25:33:00,201,27:00:00,205,28:11:00,201,29:24:47,195,29:45:15,193
194,29:45:27,110,Travis,Burmaster,M,47,Broomfield,CO,USA,--:--,--,2:34:42,163,3:56:00,175,5:51:00,191,7:47:00,210,9:01:00,216,9:53:00,215,11:12:00,213,13:02:00,216,14:19:00,198,15:35:00-15:58:00,198,17:54:19-18:06:00,212,--:--,,20:51:00,210,--:--,,23:05:00,208,23:58:00,203,25:33:00-25:40:00,202,26:57:00,200,28:01:00,192,29:22:56,192,29:45:27,194
195,29:45:48,277,Edward,Marchini,M,62,Placerville,CA,USA,--:--,--,3:03:49,293,4:37:00,291,6:34:00,273,8:26:00,258,9:26:00,244,10:16:00,243,11:33:00,239,13:31:00,242,14:57:00,242,16:12:00-16:32:00,239,18:26:30-18:27:00,238,--:--,,21:15:00,222,--:--,,23:28:00,217,24:12:00,210,25:45:00-25:46:00,211,27:11:00,208,28:10:00,200,29:22:56,193,29:45:48,195
196,29:46:27,290,Josam,Mulinyawe,M,43,San Jose,CA,USA,--:--,--,2:44:32,220,4:14:00,239,06:16:00-06:21:00,250,8:16:00,248,9:30:00,247,10:23:00,248,11:39:00,246,13:19:00,236,14:40:00,224,15:51:00-16:06:00,218,17:53:18-17:55:00,209,--:--,,20:33:00,199,--:--,,22:43:00,193,23:29:00,189,25:16:00,,26:47:00,190,28:03:00,195,29:25:24,197,29:46:27,196
197,29:46:48,213,Brenda,Hofer,F,46,Roseville,CA,USA,--:--,--,3:07:00,303,4:42:00,301,06:48:00-06:53:00,291,8:41:00,274,9:42:00,260,10:35:00,257,11:51:00,255,13:33:00,244,14:57:00,241,16:06:00-16:16:00,232,18:05:30-18:06:00,218,--:--,,20:47:00,206,--:--,,22:58:00,203,23:43:00,196,25:31:00-25:34:00,200,26:59:00,203,28:14:00,204,29:28:25,201,29:46:48,197
198,29:47:19,381,Doug,Camann,M,53,Clarksboro,NJ,USA,--:--,--,2:30:45,136,3:53:00,164,05:45:00-05:51:00,182,7:45:00,204,8:53:00,202,9:44:00,203,11:09:00,210,13:00:00,214,14:38:00,220,15:45:00-16:05:00,210,17:51:54-17:57:00,208,--:--,,20:36:00,201,--:--,,22:58:00,202,23:38:00,194,25:19:00-25:20:00,193,26:56:00,199,28:00:00,191,29:22:37,191,29:47:19,198
199,29:48:17,163,Tanya,Espalin,F,40,San Antonio,TX,USA,--:--,--,2:38:37,188,3:59:00,194,05:52:00-07:20:00,197,7:43:00,194,8:51:00,196,9:49:00,210,11:09:00,208,13:06:00,223,14:23:00,205,15:48:00-15:59:00,213,17:44:06-17:46:00,202,--:--,,20:12:00,184,--:--,,22:34:00,185,23:20:00,175,25:02:00-25:10:00,180,26:35:00,174,27:50:00,173,29:18:15,182,29:48:17,199
200,29:48:21,274,Jeffrey,Lysiak,M,57,Crozet,VA,USA,--:--,--,2:26:55,108,3:48:00,139,05:40:00-05:47:00,171,7:38:00,189,8:47:00,192,9:38:00,197,10:54:00,190,12:36:00,184,14:07:00,188,15:12:00-15:16:00,180,17:04:56-17:06:00,171,--:--,,20:02:00,173,--:--,,22:48:00,198,23:32:00,192,25:19:00,192,26:51:00,194,28:03:00,194,29:26:42,199,29:48:21,200
201,29:48:45,261,Kate,Leis,F,44,Delano,MN,USA,--:--,--,2:48:55,244,4:13:00,236,06:05:00-06:09:00,232,7:50:00,212,8:49:00,194,9:37:00,191,10:54:00,189,12:41:00,190,14:21:00,204,16:03:00-16:25:00,231,18:13:20-18:17:00,228,--:--,,20:55:00,214,--:--,,23:13:00,211,23:56:00,202,25:37:00-25:42:00,205,27:13:00,209,28:16:00,205,29:29:30,204,29:48:45,201
202,29:49:14,180,Keith,Gates,M,40,Lawrenceville,GA,USA,--:--,--,2:44:22,219,4:07:00,219,06:08:00-06:13:00,238,8:07:00,238,9:11:00,226,9:59:00,223,11:12:00,215,13:02:00,218,14:29:00,212,15:45:00-15:55:00,209,17:45:38-17:51:00,203,--:--,,20:40:00,204,--:--,,23:21:00,214,24:03:00,207,25:39:00-25:41:00,208,27:00:00,204,28:13:00,202,29:29:09,202,29:49:14,202
203,29:52:04,138,Brent,Crumley,M,45,Boise,ID,USA,--:--,--,2:32:57,148,3:50:00,150,05:29:00-05:35:00,150,7:39:00,190,8:52:00,199,9:41:00,199,10:58:00,200,12:59:00,211,14:39:00,221,16:07:00-16:29:00,234,18:33:02-18:38:00,239,--:--,,21:08:00,220,--:--,,23:20:00,213,24:08:00,209,25:39:00-25:41:00,207,26:59:00,202,28:08:00,199,29:28:13,200,29:52:04,203
204,29:52:16,272,Carolyn,Luckett,F,54,Olney,MT,USA,--:--,--,2:49:21,247,4:17:00,249,6:13:00,242,8:12:00,243,9:14:00,232,10:07:00,236,11:24:00,231,13:13:00,230,14:40:00,223,15:51:00-15:58:00,217,17:45:41-17:56:00,204,--:--,,20:29:00,195,--:--,,22:37:00,190,23:29:00,188,25:11:00-25:17:00,190,26:47:00,189,27:59:00,187,29:29:11,203,29:52:16,204
205,29:52:36,135,Jill,Cole,F,50,Los Gatos,CA,USA,--:--,--,2:55:18,274,4:30:00,281,06:45:00-06:50:00,287,9:04:00,293,10:05:00,285,10:57:00,281,12:14:00,275,14:01:00,263,15:22:00,253,16:32:00-16:37:00,244,18:12:56-18:21:00,227,--:--,,20:52:00,211,--:--,,23:12:00,210,23:59:00,204,25:33:00-25:37:00,203,27:10:00,207,28:21:00,206,29:36:51,207,29:52:36,205
206,29:53:07,191,Mark,Gregware,M,41,Minneapolis,MN,USA,--:--,--,2:46:40,229,4:09:00,225,06:03:00-06:11:00,231,7:59:00,226,9:03:00,217,9:52:00,213,11:03:00,203,12:50:00,199,14:20:00,203,15:52:00-16:07:00,220,17:53:36-18:38:00,210,--:--,,21:04:00,217,--:--,,23:39:00,221,24:28:00,215,25:46:00-25:48:00,212,26:58:00,201,28:04:00,197,29:31:48,205,29:53:07,206
207,29:58:45,291,Sean,Mullett,M,53,Cleveland,TN,USA,--:--,--,2:51:08,258,4:15:00,242,06:05:00-06:10:00,233,8:03:00,232,9:11:00,224,9:58:00,220,11:12:00,214,13:02:00,217,14:19:00,200,15:42:00-15:56:00,206,17:42:57-17:48:00,200,--:--,,20:23:00,192,--:--,,22:33:00,183,23:19:00,174,25:00:00-25:04:00,173,26:35:00,175,27:57:00,182,29:32:11,206,29:58:45,207
208,29:58:52,104,Paul,Bonnett,M,59,Phoenix,AZ,USA,--:--,--,2:32:52,147,3:48:00,141,05:28:00-05:30:00,148,7:09:00,142,8:07:00,132,8:50:00,126,10:03:00,129,11:41:00,125,13:05:00,126,14:25:00-14:39:00,136,16:10:18-16:13:00,124,--:--,,19:15:00,138,--:--,,22:28:00,178,23:23:00,178,25:54:00-26:00:00,213,27:15:00,211,28:22:00,207,29:38:53,208,29:58:52,208
209,,388,Joseph,Bearss,M,51,Arvada,CO,USA,--:--,--,2:52:48,265,4:23:00,271,6:23:00,260,8:26:00,259,9:31:54,249,10:23:00,249,11:46:00,252,13:28:00,241,14:52:00,239,16:09:00-16:24:00,235,18:12:28-18:13:00,226,--:--,,20:54:00,213,--:--,,23:10:00,209,24:00:00,205,25:34:00-25:38:00,204,27:03:00,206,28:13:00,203,30:00:00,209,--:--,
210,,197,Tyson,Hamilton,M,42,South Jordan,UT,USA,--:--,--,2:24:21,94,3:32:00,87,05:08:00-05:11:00,91,6:51:00,102,7:58:00,118,8:50:00,127,10:05:00,132,12:07:00,153,14:05:00,183,15:29:00-15:46:00,194,17:43:12-18:38:00,201,--:--,,20:24:00,193,--:--,,22:36:00,187,23:30:00,190,25:08:00-25:12:00,186,26:45:00,186,28:40:00,208,--:--,,--:--,
211,,149,Jeff,Deaton,M,50,Murfreesboro,TN,USA,--:--,--,2:43:56,218,4:09:00,223,06:00:00-06:11:00,223,8:04:00,233,9:07:00,220,9:59:00,222,11:14:00,221,13:07:00,225,14:40:00,222,16:01:00-16:17:00,228,18:05:06-18:22:00,217,--:--,,20:58:00,215,--:--,,23:16:00,212,24:02:00,206,25:38:00-25:43:00,206,27:20:00,212,28:50:00,209,--:--,,--:--,
212,,139,Joe,Currens,M,55,Flower Mound,TX,USA,--:--,--,2:53:31,268,4:20:00,262,06:16:00-06:19:00,249,8:12:00,242,9:17:00,236,10:10:00,238,11:27:00,235,13:19:00,235,14:42:00,229,16:01:00-16:12:00,227,18:17:08-18:18:00,234,--:--,,21:05:00,218,--:--,,23:26:00,216,24:13:00,211,25:45:00-25:46:00,210,27:14:00,210,29:22:00,210,--:--,,--:--,
213,,235,Victoria,Kendra,F,50,Siler City,NC,USA,--:--,--,2:56:41,281,4:26:00,275,06:33:00-06:41:00,272,8:33:00,266,9:41:00,258,10:31:00,255,11:47:00,253,13:21:00,239,14:44:00,235,15:52:00-16:04:00,221,18:09:04-18:11:00,223,--:--,,20:50:00,209,--:--,,22:54:00,200,23:39:00,195,25:17:00-25:23:00,191,26:56:00,198,29:30:00,211,--:--,,--:--,
214,,241,Phil,Kochik,M,43,Seattle,WA,USA,--:--,--,2:08:28,53,3:16:00,53,04:45:00-04:46:00,54,6:25:00,74,7:16:00,73,7:51:00,68,9:00:00,74,10:54:00,88,12:22:00,93,13:50:00-14:03:00,104,15:46:46-15:47:00,109,--:--,,18:13:00,103,--:--,,20:19:00,95,21:11:00,95,27:21:00-24:55:00,216,27:21:00,213,--:--,,--:--,,--:--,
215,,398,Elan,Lieber,M,31,Richmond,CA,USA,--:--,--,2:05:46,49,3:04:00,45,04:21:00-04:24:00,43,5:47:00,46,6:42:00,49,7:16:00,49,8:09:00,48,9:25:00,46,10:23:00,43,11:23:00-11:42:00,42,12:57:52-12:58:00,42,--:--,,14:49:00,36,--:--,,16:33:00,37,17:37:00,36,19:47:00,49,--:--,,--:--,,--:--,,--:--,
216,,65,Karen,Bonnett-Natraj,F,65,Auburn,CA,USA,--:--,--,2:50:05,254,4:18:00,256,06:17:00-06:23:00,253,8:19:00,253,9:29:00,246,10:20:00,246,11:33:00,241,13:35:00,246,15:01:00,243,16:07:00-16:13:00,233,18:07:51-18:08:00,221,--:--,,21:07:00,219,--:--,,23:33:00,218,24:20:00,213,26:15:00,214,--:--,,--:--,,--:--,,--:--,
217,,54,Verity,Breen,F,54,Nicasio,CA,USA,--:--,--,3:07:10,304,4:37:00,292,06:50:00-06:53:00,294,8:43:00,278,9:36:00,254,10:27:00,252,11:44:00,249,13:42:00,251,15:16:00,250,16:25:00-16:28:00,242,18:23:18-18:23:59,237,--:--,,21:23:00,225,--:--,,23:55:00,223,24:38:00,216,26:15:00,215,--:--,,--:--,,--:--,,--:--,
218,,40,Max,King,M,41,Bend,OR,USA,--:--,--,1:44:37,10,2:34:00,11,3:35:00,8,4:36:00,7,5:09:00,7,5:36:00,7,6:15:00,7,7:14:00,7,7:57:00,7,08:43:00-08:48:00,7,09:49:35-09:51:00,6,--:--,,11:43:00,9,--:--,,13:37:00,15,15:05:00,19,--:--,,--:--,,--:--,,--:--,,--:--,
219,,M5,Mark,Hammond,M,36,Cottonwood Heights,UT,USA,--:--,--,1:42:44,6,2:31:00,6,03:35:00-03:39:00,9,4:39:00,9,5:13:00,9,5:41:00,9,6:22:00,8,7:22:00,8,8:07:00,9,09:13:00-10:41:00,11,13:02:18-13:03:00,45,--:--,,15:28:00,44,--:--,,17:47:00,53,18:41:00,56,--:--,,--:--,,--:--,,--:--,,--:--,
220,,28,Elliot,Cardin,M,28,Bromont,QC,CAN,--:--,--,1:49:30,20,2:44:00,19,03:57:00-03:59:00,22,5:05:00,20,5:42:00,20,6:11:00,19,6:59:00,21,8:02:00,21,8:48:00,20,09:35:00-09:39:00,18,10:52:47-10:53:00,19,--:--,,12:18:00,17,--:--,,15:09:00,26,--:--,,--:--,,--:--,,--:--,,--:--,,--:--,
221,,403,Rod,Farvard,M,25,Mammoth Lakes,CA,USA,--:--,--,1:51:49,25,2:49:00,24,04:00:00-04:02:00,25,5:07:00,24,5:44:00,21,6:15:00,21,7:02:00,25,8:11:00,27,9:13:00,28,10:11:00-10:19:00,28,11:39:17,27,--:--,,13:35:00,27,--:--,,17:19:00,44,--:--,,--:--,,--:--,,--:--,,--:--,,--:--,
222,,378,Jason,Brock,M,45,Kaysville,UT,USA,--:--,--,2:27:34,115,3:38:00,105,05:22:00-05:24:00,124,6:58:00,123,7:50:00,112,8:29:00,102,9:55:00,121,11:34:00,119,12:43:00,109,13:52:00-13:59:00,111,15:30:48-15:35:00,98,--:--,,18:05:00,97,--:--,,21:25:00,133,--:--,,--:--,,--:--,,--:--,,--:--,,--:--,
223,,353,Geoff,Vaughan,M,56,Corte Madera,CA,USA,--:--,--,2:37:17,177,3:54:00,170,05:33:00-05:39:00,154,7:10:00,147,8:07:00,136,8:52:00,134,10:14:00,147,11:51:00,136,13:20:00,142,14:31:00-14:45:00,144,16:19:00-16:21:00,130,--:--,,19:05:00,132,--:--,,22:51:00,199,--:--,,--:--,,--:--,,--:--,,--:--,,--:--,
224,,224,Alyson,Jay,F,42,Flagstaff,AZ,USA,--:--,--,2:37:06,174,3:58:00,177,05:44:00-05:47:00,177,7:29:00,172,8:32:00,167,9:19:00,168,10:26:00,162,12:10:00,160,13:39:00,159,14:49:00-15:02:00,157,17:12:39-17:15:00,178,--:--,,20:39:00,203,--:--,,23:50:00,222,--:--,,--:--,,--:--,,--:--,,--:--,,--:--,
225,,122,Katherine,Gifford,F,46,Sacramento,CA,USA,--:--,--,2:43:45,216,4:09:00,222,06:03:00-06:08:00,227,7:52:00,216,8:58:00,212,9:49:00,209,11:06:00,205,13:10:00,227,14:41:00,227,16:00:00-16:07:00,226,18:09:06-18:12:00,224,--:--,,21:19:00,223,--:--,,24:06:00,224,--:--,,--:--,,--:--,,--:--,,--:--,,--:--,
226,,264,Keith,Evans-Orville,M,52,Oakland,CA,USA,--:--,--,3:07:45,306,4:38:00,295,06:36:00-06:38:00,280,8:25:00,256,9:25:00,243,10:15:00,242,11:30:00,238,13:03:00,219,14:26:00,209,15:35:00-15:46:00,197,17:33:18-17:35:00,194,--:--,,20:15:00,188,--:--,,24:09:00,225,--:--,,--:--,,--:--,,--:--,,--:--,,--:--,
227,,402,Mike,Soltys,M,54,Omaha,NE,USA,--:--,--,2:38:30,187,4:01:00,200,05:58:00-06:10:00,220,7:56:00,225,9:11:00,225,10:05:00,233,11:20:00,230,12:58:00,210,14:41:00,226,15:45:00-16:17:00,211,18:08:57-18:24:00,222,--:--,,21:22:00,224,--:--,,24:23:00,226,--:--,,--:--,,--:--,,--:--,,--:--,,--:--,
228,,337,Andrew,Taylor,M,37,Modesto,CA,USA,--:--,--,2:38:58,191,3:58:00,189,05:44:00-05:47:00,178,7:29:00,173,8:28:00,161,9:16:00,164,10:39:00,176,12:23:00,172,14:00:00,178,15:58:00-16:55:00,225,18:40:39-18:41:00,243,--:--,,21:35:00,228,--:--,,24:33:00,227,--:--,,--:--,,--:--,,--:--,,--:--,,--:--,
229,,316,Barry,Hauptman,M,58,Bethesda,MD,USA,--:--,--,2:34:27,161,3:54:00,169,05:43:00-05:46:00,175,7:37:00,184,8:40:00,179,9:28:00,176,10:46:00,178,12:51:00,202,14:41:00,225,16:11:00-16:26:00,237,18:15:42-18:18:00,233,--:--,,21:25:00,226,--:--,,24:44:00,228,--:--,,--:--,,--:--,,--:--,,--:--,,--:--,
230,,130,Joseph,Chick,M,44,Ashland,OR,USA,--:--,--,2:26:46,105,3:40:00,111,05:17:00-05:19:00,111,6:53:00,107,7:57:00,115,8:50:00,125,10:03:00,130,11:52:00,138,13:43:00,163,15:00:00-15:26:00,164,17:38:28-18:09:00,196,--:--,,21:30:00,227,--:--,,24:46:00,229,--:--,,--:--,,--:--,,--:--,,--:--,,--:--,
231,,136,Jeffrey,Conner,M,40,Reno,NV,USA,--:--,--,2:56:37,279,4:33:00,287,06:41:00-06:43:00,285,9:00:00,291,10:00:00,280,10:52:00,276,12:05:00,268,14:00:00,262,15:29:00,258,16:41:00-16:49:00,252,18:37:49-18:38:00,242,--:--,,21:48:00,229,--:--,,--:--,,--:--,,--:--,,--:--,,--:--,,--:--,,--:--,
232,,78,Huy,Le,F,49,Redlands,CA,USA,--:--,--,2:48:37,240,4:26:00,273,06:34:00-06:37:00,275,8:34:00,269,10:01:00,284,10:55:00,280,12:11:00,273,13:56:00,261,15:30:00,259,16:38:00-16:44:00,249,18:34:56-18:37:00,240,--:--,,21:59:00,230,--:--,,--:--,,--:--,,--:--,,--:--,,--:--,,--:--,,--:--,
233,,116,Grant,Carboni,M,50,Sacramento,CA,USA,--:--,--,2:37:54,182,3:58:00,184,05:47:00-05:52:00,185,7:35:00,180,8:41:00,184,9:30:00,178,10:47:00,179,12:49:00,197,14:26:00,210,15:36:00-15:46:00,200,17:45:49-18:08:00,205,--:--,,22:03:00,231,--:--,,--:--,,--:--,,--:--,,--:--,,--:--,,--:--,,--:--,
234,,187,Calvin,Wong,M,39,Redwood City,CA,USA,--:--,--,2:17:49,72,3:30:00,81,05:09:00-05:12:00,93,6:58:00,122,8:00:00,122,9:12:00,158,10:56:00,195,12:41:00,189,14:37:00,218,15:53:00-16:30:00,222,18:19:25-18:21:00,236,--:--,,22:05:00,232,--:--,,--:--,,--:--,,--:--,,--:--,,--:--,,--:--,,--:--,
235,,159,Jason,Dobson,M,43,Creswell,OR,USA,--:--,--,2:45:22,222,4:07:00,214,05:55:00-05:57:00,202,8:20:00,254,9:32:00,250,10:22:00,247,11:36:00,244,13:17:00,233,14:42:00,230,16:17:00-16:29:00,240,18:13:34-18:22:00,229,--:--,,22:20:00,233,--:--,,--:--,,--:--,,--:--,,--:--,,--:--,,--:--,,--:--,
236,,280,Rob,Mccool,M,42,Redondo Beach,CA,USA,--:--,--,2:36:13,168,3:51:00,158,05:40:00-05:45:00,169,7:37:00,183,8:40:00,178,9:32:00,184,11:09:00,209,13:31:00,243,15:13:00,246,16:47:00-16:50:00,254,18:44:37-18:44:58,245,--:--,,22:32:00,234,--:--,,--:--,,--:--,,--:--,,--:--,,--:--,,--:--,,--:--,
237,,194,Breen,Haire,M,48,Houston,TX,USA,--:--,--,2:51:40,260,4:27:00,278,06:34:00-06:38:00,276,8:35:00,271,9:44:00,263,10:41:00,266,11:56:00,259,13:53:00,259,15:23:00,254,16:45:00-16:48:00,253,18:43:12-18:43:59,244,--:--,,22:38:00,235,--:--,,--:--,,--:--,,--:--,,--:--,,--:--,,--:--,,--:--,
238,,M2,Jared,Hazen,M,26,Flagstaff,AZ,USA,--:--,--,1:42:01,3,2:31:00,4,3:33:00,4,4:32:00,4,5:03:00,4,5:29:00,3,6:07:00,4,6:59:00,3,7:46:00,3,08:34:00-08:39:00,5,10:33:00,12,--:--,,--:--,,--:--,,--:--,,--:--,,--:--,,--:--,,--:--,,--:--,,--:--,
239,,M9,Jeff,Browning,M,49,Flagstaff,AZ,USA,--:--,--,1:44:47,12,2:38:00,15,03:51:00-03:53:00,17,5:00:00,18,5:38:00,17,6:08:00,17,6:54:00,18,7:55:00,17,8:41:00,17,09:30:00-09:35:00,16,11:02:00,21,--:--,,--:--,,--:--,,--:--,,--:--,,--:--,,--:--,,--:--,,--:--,,--:--,
240,,F9,Addie,Bracy,F,34,Denver,CO,USA,--:--,--,1:50:35,23,2:45:00,22,03:55:00-03:56:00,20,5:03:00,19,5:41:00,19,6:11:00,20,6:55:00,19,8:01:00,20,8:51:00,23,09:44:00-09:54:00,22,12:07:00,33,--:--,,--:--,,--:--,,--:--,,--:--,,--:--,,--:--,,--:--,,--:--,,--:--,
241,,27,Charlie,Ware,M,35,Tucson,AZ,USA,--:--,--,1:43:01,7,2:33:00,7,03:37:00-03:39:00,11,4:45:00,10,5:19:00,10,5:47:00,10,6:28:00,11,7:39:00,12,8:33:00,13,09:54:00-10:42:00,26,12:14:00,34,--:--,,--:--,,--:--,,--:--,,--:--,,--:--,,--:--,,--:--,,--:--,,--:--,
242,,167,David,Files,M,46,Batavia,IL,USA,--:--,--,2:18:46,78,3:27:00,74,04:56:00-04:58:00,71,6:32:00,78,7:31:00,85,8:13:00,87,9:17:00,88,10:56:00,90,12:17:00,91,13:30:00-13:53:00,95,16:56:00,158,--:--,,--:--,,--:--,,--:--,,--:--,,--:--,,--:--,,--:--,,--:--,,--:--,
243,,121,Richard,Coughlin,M,47,Charlotte,NC,USA,--:--,--,2:48:10,237,4:16:00,244,06:08:00-06:15:00,239,8:03:00,231,9:15:00,234,10:12:00,239,11:41:00,247,13:20:00,237,14:44:00,233,15:52:00-16:06:00,219,18:14:00-18:14:00,230,--:--,,--:--,,--:--,,--:--,,--:--,,--:--,,--:--,,--:--,,--:--,,--:--,
244,,230,Lisa,Jones,F,44,Virginia Beach,VA,USA,--:--,--,2:41:37,198,4:05:00,205,06:01:00-06:06:00,226,8:27:00,260,9:46:00,267,10:36:00,258,12:00:00,265,13:49:00,256,15:13:00,247,16:29:00-16:35:00,243,18:14:00,231,--:--,,--:--,,--:--,,--:--,,--:--,,--:--,,--:--,,--:--,,--:--,,--:--,
245,,283,Max,Metcalfe,M,32,Lafayette,CA,USA,--:--,--,2:35:26,165,3:49:00,146,05:19:00-05:21:00,117,6:55:00,113,7:46:00,101,8:30:00,106,9:57:00,126,12:29:00,177,14:13:00,193,15:39:00-16:20:00,204,18:14:00-18:26:59,232,--:--,,--:--,,--:--,,--:--,,--:--,,--:--,,--:--,,--:--,,--:--,,--:--,
246,,311,Anthony,Molina,M,50,West Sacramento,CA,USA,--:--,--,2:50:31,257,4:18:00,255,06:17:00-06:29:00,254,8:29:00,265,9:42:00,261,10:30:00,254,11:46:00,251,13:38:00,247,15:14:00,248,16:34:00-16:44:00,246,18:45:00,246,--:--,,--:--,,--:--,,--:--,,--:--,,--:--,,--:--,,--:--,,--:--,,--:--,
247,,339,Gabriel,Tenyenhuis,M,53,Clovis,CA,USA,--:--,--,2:50:24,255,4:15:00,243,06:05:00-06:09:00,234,7:54:00,220,8:58:00,214,9:54:00,217,11:20:00,229,13:40:00,249,15:27:00,255,16:53:00-16:54:00,256,18:45:00,247,--:--,,--:--,,--:--,,--:--,,--:--,,--:--,,--:--,,--:--,,--:--,,--:--,
248,,363,Michael,Weston,M,60,Honolulu,HI,USA,--:--,--,2:54:56,272,4:31:00,284,06:39:00-06:43:00,281,8:43:00,276,9:44:00,264,10:39:00,264,11:54:00,258,13:47:00,253,15:19:00,251,16:53:00-16:54:00,258,18:45:00,248,--:--,,--:--,,--:--,,--:--,,--:--,,--:--,,--:--,,--:--,,--:--,,--:--,
249,,115,Michael,Stegura,M,30,Philadelphia,PA,USA,--:--,--,2:47:56,236,4:10:00,231,06:08:00-06:15:00,237,8:07:00,236,9:13:00,230,10:07:00,235,11:33:00,240,13:13:00,231,14:50:00,237,16:39:00-16:45:00,250,18:46:00,249,--:--,,--:--,,--:--,,--:--,,--:--,,--:--,,--:--,,--:--,,--:--,,--:--,
250,,125,Robert,Cawood,M,52,Annapolis,MD,USA,--:--,--,2:52:59,267,4:29:00,279,06:41:00-06:44:00,284,--:--,,9:53:00,273,10:52:00,275,12:12:00,274,14:03:00,264,15:41:00,265,16:53:00-16:55:00,257,18:46:00,250,--:--,,--:--,,--:--,,--:--,,--:--,,--:--,,--:--,,--:--,,--:--,,--:--,
251,,284,Turdl,Miller,M,52,St George,UT,USA,--:--,--,2:56:34,278,4:31:00,282,06:41:00-06:45:00,286,8:44:00,280,9:54:00,275,10:50:00,273,12:02:00,266,13:51:00,258,15:15:00,249,16:34:00-16:50:00,248,18:46:00,251,--:--,,--:--,,--:--,,--:--,,--:--,,--:--,,--:--,,--:--,,--:--,,--:--,
252,,64,Carroll,Bush,M,56,ORANGEVALE,CA,USA,--:--,--,2:59:20,289,4:29:00,280,06:28:00-06:32:00,267,8:18:00,252,9:27:00,245,10:20:00,245,11:47:00,254,13:45:00,252,15:28:00,257,16:51:00-16:54:00,255,18:46:00,252,--:--,,--:--,,--:--,,--:--,,--:--,,--:--,,--:--,,--:--,,--:--,,--:--,
253,,222,Laura,Matz,F,35,Auburn,CA,USA,--:--,--,2:35:58,167,3:53:00,168,05:38:00-05:43:00,159,7:29:00,174,8:42:00,186,9:35:00,189,10:56:00,196,12:49:00,198,14:19:00,199,15:38:00-15:59:00,202,19:30:00,253,--:--,,--:--,,--:--,,--:--,,--:--,,--:--,,--:--,,--:--,,--:--,,--:--,
254,,F7,Nicole,Bitter,F,39,Phoenix,AZ,USA,--:--,--,2:01:06,40,3:02:00,40,04:18:00-04:19:00,41,5:32:00,37,6:12:00,35,6:44:00,35,7:35:00,35,8:53:00,36,10:08:00,39,12:30:00,63,--:--,,--:--,,--:--,,--:--,,--:--,,--:--,,--:--,,--:--,,--:--,,--:--,,--:--,
255,,M4,Matt,Daniels,M,33,Monument,CO,USA,--:--,--,1:42:13,5,2:31:00,5,3:33:00,5,4:57:00,16,5:47:00,27,6:17:00,28,7:25:00,31,8:55:00,38,10:35:00,47,12:30:00,64,--:--,,--:--,,--:--,,--:--,,--:--,,--:--,,--:--,,--:--,,--:--,,--:--,,--:--,
256,,31,Ryan,Miller,M,29,San Antonio,TX,USA,--:--,--,1:46:27,17,2:38:00,16,03:47:00-03:51:00,16,5:07:00,22,6:23:00,40,6:55:00,40,7:51:00,42,9:15:00,42,11:39:00,74,12:55:00,78,--:--,,--:--,,--:--,,--:--,,--:--,,--:--,,--:--,,--:--,,--:--,,--:--,,--:--,
257,,30,Erin,Clark,F,26,Missoula,MT,USA,--:--,--,1:57:23,35,2:56:00,37,04:17:00-04:18:00,39,5:44:00,44,6:28:00,42,7:03:00,43,8:03:00,45,9:43:00,51,11:18:00,59,13:20:00,89,--:--,,--:--,,--:--,,--:--,,--:--,,--:--,,--:--,,--:--,,--:--,,--:--,,--:--,
258,,112,Matt,Campbell,M,37,Bothell,WA,USA,--:--,--,2:35:10,164,3:55:00,173,05:38:00-05:45:00,164,7:29:00,169,8:41:00,183,9:35:00,188,10:55:00,191,12:40:00,188,14:16:00,196,16:20:00,241,--:--,,--:--,,--:--,,--:--,,--:--,,--:--,,--:--,,--:--,,--:--,,--:--,,--:--,
259,,98,Jeanne,Bennett,F,46,Tulsa,OK,USA,--:--,--,2:43:26,212,4:03:00,202,5:55:00,201,7:45:00,206,8:45:00,189,9:33:00,186,10:48:00,183,12:51:00,203,14:52:00,240,16:40:00,251,--:--,,--:--,,--:--,,--:--,,--:--,,--:--,,--:--,,--:--,,--:--,,--:--,,--:--,
260,,186,Sean,Grant,M,35,Novato,CA,USA,--:--,--,2:49:49,253,4:18:00,254,06:09:00-06:13:00,240,8:01:00,229,9:06:00,219,10:03:00,227,11:20:00,228,13:07:00,226,14:42:00,231,16:54:00,259,--:--,,--:--,,--:--,,--:--,,--:--,,--:--,,--:--,,--:--,,--:--,,--:--,,--:--,
261,,56,John,Nichols,M,56,Sacramento,CA,USA,--:--,--,2:47:07,230,4:17:00,251,06:20:00-06:27:00,256,8:17:00,251,9:32:00,253,10:31:00,256,11:54:00,257,14:07:00,265,16:18:00,266,17:38:00,260,--:--,,--:--,,--:--,,--:--,,--:--,,--:--,,--:--,,--:--,,--:--,,--:--,,--:--,
262,,96,Redfield,Baum,M,48,Scottsdale,AZ,USA,--:--,--,2:38:08,184,3:59:00,193,05:56:00-06:08:00,216,8:16:00,249,9:31:00,248,10:24:00,250,11:36:00,245,13:40:00,250,15:40:00,260,--:--,,--:--,,--:--,,--:--,,--:--,,--:--,,--:--,,--:--,,--:--,,--:--,,--:--,,--:--,
263,,352,Robert,Vanderlip,M,59,San Ramon,CA,USA,--:--,--,2:25:50,101,3:37:00,99,05:20:00-05:21:00,120,7:18:00,156,8:26:00,158,9:12:00,160,10:22:00,156,12:42:00,192,15:40:00,261,--:--,,--:--,,--:--,,--:--,,--:--,,--:--,,--:--,,--:--,,--:--,,--:--,,--:--,,--:--,
264,,384,Lacey,Frerking,F,37,Fernley,NV,USA,--:--,--,2:56:39,280,4:31:00,285,06:39:00-06:44:00,282,8:46:00,281,9:51:00,271,10:49:00,270,12:11:00,272,13:54:00,260,15:40:00,262,--:--,,--:--,,--:--,,--:--,,--:--,,--:--,,--:--,,--:--,,--:--,,--:--,,--:--,,--:--,
265,,400,Jake,Kruse,M,40,Glen Burnie,MD,USA,--:--,--,2:29:27,130,3:46:00,138,05:26:00-05:35:00,143,7:24:00,160,8:40:00,181,9:37:00,194,11:14:00,223,13:48:00,254,15:40:00,263,--:--,,--:--,,--:--,,--:--,,--:--,,--:--,,--:--,,--:--,,--:--,,--:--,,--:--,,--:--,
266,,405,Dylan,Broderick,F,30,Montpelier,VT,USA,--:--,--,2:31:19,139,3:41:00,115,05:12:00-05:14:00,102,6:47:00,94,7:36:00,89,8:16:00,90,9:17:00,89,11:09:00,98,15:40:00,264,--:--,,--:--,,--:--,,--:--,,--:--,,--:--,,--:--,,--:--,,--:--,,--:--,,--:--,,--:--,
267,,47,Scott,Wolfe,M,47,Bend,OR,USA,--:--,--,2:04:06,43,3:02:00,41,04:15:00-04:16:00,37,5:31:00,36,6:13:00,36,6:47:00,36,7:41:00,38,12:02:00,151,--:--,,--:--,,--:--,,--:--,,--:--,,--:--,,--:--,,--:--,,--:--,,--:--,,--:--,,--:--,,--:--,
268,,154,Shashank,Deshpande,M,56,Folsom,CA,USA,--:--,--,2:55:15,273,4:27:00,276,06:28:00-06:32:00,268,8:35:00,270,9:53:00,274,10:47:00,269,12:04:00,267,14:10:00,266,--:--,,--:--,,--:--,,--:--,,--:--,,--:--,,--:--,,--:--,,--:--,,--:--,,--:--,,--:--,,--:--,
269,,216,Scott,Hudson,M,53,Carmel,IN,USA,--:--,--,2:58:05,285,4:27:00,277,06:27:00-06:34:00,264,8:29:00,263,9:46:00,266,10:39:00,263,11:57:00,261,14:10:00,267,--:--,,--:--,,--:--,,--:--,,--:--,,--:--,,--:--,,--:--,,--:--,,--:--,,--:--,,--:--,,--:--,
270,,70,Joshua,Holer,M,45,Nathrop,CO,USA,--:--,--,2:33:07,150,3:57:00,176,05:54:00-06:03:00,200,7:52:00,217,9:07:00,221,10:01:00,224,11:26:00,234,14:10:00,268,--:--,,--:--,,--:--,,--:--,,--:--,,--:--,,--:--,,--:--,,--:--,,--:--,,--:--,,--:--,,--:--,
271,,93,Michael,Fink,M,52,Lincoln,CA,USA,--:--,--,2:49:20,245,4:18:00,257,06:34:00-06:50:00,279,8:50:00,282,9:47:00,268,10:45:00,268,12:06:00,269,14:10:00,269,--:--,,--:--,,--:--,,--:--,,--:--,,--:--,,--:--,,--:--,,--:--,,--:--,,--:--,,--:--,,--:--,
272,,158,Tracy,Dimino,F,50,Ramona,CA,USA,--:--,--,2:47:27,231,4:21:00,265,06:32:00-06:42:00,270,8:29:00,262,9:43:00,262,10:50:00,272,12:18:00,279,14:10:00,270,--:--,,--:--,,--:--,,--:--,,--:--,,--:--,,--:--,,--:--,,--:--,,--:--,,--:--,,--:--,,--:--,
273,,200,Blane,Clark,M,48,Franklin,TN,USA,--:--,--,3:06:50,302,4:43:00,304,06:53:00-06:58:00,298,8:59:00,288,10:10:00,287,11:04:00,283,12:18:00,281,14:10:00,271,--:--,,--:--,,--:--,,--:--,,--:--,,--:--,,--:--,,--:--,,--:--,,--:--,,--:--,,--:--,,--:--,
274,,248,Jeff,Kulesza,M,42,HILLIARD,OH,USA,--:--,--,2:48:41,241,4:11:00,234,05:56:00-06:00:00,212,7:54:00,221,9:40:00,256,10:37:00,260,11:58:00,262,14:10:00,272,--:--,,--:--,,--:--,,--:--,,--:--,,--:--,,--:--,,--:--,,--:--,,--:--,,--:--,,--:--,,--:--,
275,,310,Stephen,Robbins,M,37,Elkin,NC,USA,--:--,--,2:32:32,145,3:45:00,134,05:38:00-05:50:00,168,8:12:00,245,9:52:00,272,10:51:00,274,12:11:00,270,14:10:00,273,--:--,,--:--,,--:--,,--:--,,--:--,,--:--,,--:--,,--:--,,--:--,,--:--,,--:--,,--:--,,--:--,
276,,63,Donn,Zea,M,63,Grass Valley,CA,USA,--:--,--,2:55:56,275,4:31:00,286,06:45:00-06:49:00,288,8:52:00,283,10:00:00,283,10:57:00,282,12:16:00,277,14:10:00,274,--:--,,--:--,,--:--,,--:--,,--:--,,--:--,,--:--,,--:--,,--:--,,--:--,,--:--,,--:--,,--:--,
277,,148,Sam,Fiandaca,M,49,Foresthill,CA,USA,--:--,--,2:52:25,264,4:20:00,258,06:32:00-06:42:00,271,8:43:00,277,9:51:00,270,10:40:00,265,11:57:00,260,14:10:00,275,--:--,,--:--,,--:--,,--:--,,--:--,,--:--,,--:--,,--:--,,--:--,,--:--,,--:--,,--:--,,--:--,
278,,367,Johanan,Wilson,M,45,Cool,CA,USA,--:--,--,2:49:28,249,4:17:00,245,06:23:00-06:29:00,261,8:33:00,267,9:49:00,269,10:44:00,267,12:17:00,278,14:10:00,276,--:--,,--:--,,--:--,,--:--,,--:--,,--:--,,--:--,,--:--,,--:--,,--:--,,--:--,,--:--,,--:--,
279,,168,Jonathan,Fletcher,M,38,Fayetteville,NC,USA,--:--,--,3:05:55,298,4:42:00,300,06:53:00-07:02:00,297,8:54:00,285,10:00:00,281,10:55:00,279,12:18:00,280,14:10:00,277,--:--,,--:--,,--:--,,--:--,,--:--,,--:--,,--:--,,--:--,,--:--,,--:--,,--:--,,--:--,,--:--,
280,,242,Sean,Lehman,M,50,Novato,CA,USA,--:--,--,2:58:08,287,4:20:00,263,06:14:00-06:21:00,247,8:14:00,247,9:21:00,241,10:15:00,241,11:34:00,242,14:10:00,278,--:--,,--:--,,--:--,,--:--,,--:--,,--:--,,--:--,,--:--,,--:--,,--:--,,--:--,,--:--,,--:--,
281,,359,Claire,Walla,F,36,Spokane,WA,USA,--:--,--,3:09:58,308,4:42:00,302,06:50:00-06:54:00,293,8:52:00,284,9:59:00,279,10:52:00,277,12:23:00,282,14:10:00,279,--:--,,--:--,,--:--,,--:--,,--:--,,--:--,,--:--,,--:--,,--:--,,--:--,,--:--,,--:--,,--:--,
282,,379,Denise,Calcagnino,F,53,North Syracuse,NY,USA,--:--,--,2:47:47,233,4:14:00,240,06:16:00-06:24:00,251,8:35:00,272,9:45:00,265,10:37:00,261,11:51:00,256,14:10:00,280,--:--,,--:--,,--:--,,--:--,,--:--,,--:--,,--:--,,--:--,,--:--,,--:--,,--:--,,--:--,,--:--,
283,,150,Timothy,Felker,M,50,Antelope,CA,USA,--:--,--,2:48:25,239,4:10:00,227,05:55:00-06:03:00,209,7:54:00,219,9:09:00,223,10:04:00,230,12:15:00,276,--:--,,--:--,,--:--,,--:--,,--:--,,--:--,,--:--,,--:--,,--:--,,--:--,,--:--,,--:--,,--:--,,--:--,
284,,326,Thomas,Somers,M,51,South Amboy,NJ,USA,--:--,--,2:36:38,172,3:58:00,180,05:43:00-05:48:00,176,7:31:00,175,8:40:00,180,9:31:00,180,12:26:00,283,--:--,,--:--,,--:--,,--:--,,--:--,,--:--,,--:--,,--:--,,--:--,,--:--,,--:--,,--:--,,--:--,,--:--,
285,,361,James,Wang,M,34,Redding,CA,USA,--:--,--,2:32:15,143,3:44:00,127,05:22:00-05:26:00,127,6:54:00,110,7:44:00,96,9:02:00,149,--:--,,--:--,,--:--,,--:--,,--:--,,--:--,,--:--,,--:--,,--:--,,--:--,,--:--,,--:--,,--:--,,--:--,,--:--,
286,,134,Kris,Clinard,M,46,Larkspur,CA,USA,--:--,--,2:43:13,208,3:58:00,185,05:38:00-05:46:00,165,7:29:00,170,9:18:00,238,10:37:00,259,--:--,,--:--,,--:--,,--:--,,--:--,,--:--,,--:--,,--:--,,--:--,,--:--,,--:--,,--:--,,--:--,,--:--,,--:--,
287,,185,Brett,Wilks,M,41,Huntsville,AL,USA,--:--,--,2:27:53,117,3:43:00,122,05:26:00-05:57:00,144,8:05:00,234,9:55:00,276,11:05:00,284,--:--,,--:--,,--:--,,--:--,,--:--,,--:--,,--:--,,--:--,,--:--,,--:--,,--:--,,--:--,,--:--,,--:--,,--:--,
288,,144,Katie,Daman,F,40,Fife Lake,MI,USA,--:--,--,2:49:44,250,4:17:00,247,06:24:00-06:28:00,262,8:44:00,279,10:05:00,286,11:19:00,285,--:--,,--:--,,--:--,,--:--,,--:--,,--:--,,--:--,,--:--,,--:--,,--:--,,--:--,,--:--,,--:--,,--:--,,--:--,
289,,210,Nicholas,Hobbs,M,37,Wake Forest,NC,USA,--:--,--,2:32:27,144,3:51:00,153,05:38:00-05:46:00,166,7:46:00,209,9:57:00,278,11:19:00,286,--:--,,--:--,,--:--,,--:--,,--:--,,--:--,,--:--,,--:--,,--:--,,--:--,,--:--,,--:--,,--:--,,--:--,,--:--,
290,,217,Larry,Huffman,M,60,Arlington,VA,USA,--:--,--,2:43:39,213,4:14:00,238,06:27:00-06:37:00,265,8:57:00,286,10:15:00,289,11:19:00,287,--:--,,--:--,,--:--,,--:--,,--:--,,--:--,,--:--,,--:--,,--:--,,--:--,,--:--,,--:--,,--:--,,--:--,,--:--,
291,,82,Cheryl,Anderson,F,48,Saline,MI,USA,--:--,--,3:05:58,299,4:39:00,296,06:45:00-06:51:00,289,9:03:00,292,10:14:00,288,11:19:00,288,--:--,,--:--,,--:--,,--:--,,--:--,,--:--,,--:--,,--:--,,--:--,,--:--,,--:--,,--:--,,--:--,,--:--,,--:--,
292,,103,Josh,Bonkowsky,M,51,Salt Lake City,UT,USA,--:--,--,2:52:53,266,4:22:00,266,06:26:00-06:33:00,263,8:28:00,261,9:41:00,257,11:27:00,289,--:--,,--:--,,--:--,,--:--,,--:--,,--:--,,--:--,,--:--,,--:--,,--:--,,--:--,,--:--,,--:--,,--:--,,--:--,
293,,160,Douglas,Donovan,M,51,Reno,NV,USA,--:--,--,2:56:34,277,4:26:00,274,06:27:00-06:32:00,266,9:00:00,289,--:--,,--:--,,--:--,,--:--,,--:--,,--:--,,--:--,,--:--,,--:--,,--:--,,--:--,,--:--,,--:--,,--:--,,--:--,,--:--,,--:--,
294,,79,Michael,Alfred,M,40,Denver,CO,USA,--:--,--,2:52:23,263,4:17:00,253,06:03:00-06:09:00,230,9:00:00,290,--:--,,--:--,,--:--,,--:--,,--:--,,--:--,,--:--,,--:--,,--:--,,--:--,,--:--,,--:--,,--:--,,--:--,,--:--,,--:--,,--:--,
295,,345,Malin,Timbs,F,45,Nashville,TN,USA,--:--,--,3:07:19,305,4:45:00,306,06:55:00-07:03:00,301,9:09:00,294,--:--,,--:--,,--:--,,--:--,,--:--,,--:--,,--:--,,--:--,,--:--,,--:--,,--:--,,--:--,,--:--,,--:--,,--:--,,--:--,,--:--,
296,,263,David,Lent,M,58,Folsom,CA,USA,--:--,--,3:09:45,307,4:59:00,308,7:15:00,305,9:13:00,295,--:--,,--:--,,--:--,,--:--,,--:--,,--:--,,--:--,,--:--,,--:--,,--:--,,--:--,,--:--,,--:--,,--:--,,--:--,,--:--,,--:--,
297,,343,Bill,Thom,M,60,Chicago,IL,USA,--:--,--,3:23:16,314,5:03:00,311,07:24:00-07:26:00,308,9:15:00,296,--:--,,--:--,,--:--,,--:--,,--:--,,--:--,,--:--,,--:--,,--:--,,--:--,,--:--,,--:--,,--:--,,--:--,,--:--,,--:--,,--:--,
298,,301,Justin,Peake,M,41,Severna Park,MD,USA,--:--,--,2:50:30,256,4:23:00,270,06:50:00-07:03:00,292,9:17:00,297,--:--,,--:--,,--:--,,--:--,,--:--,,--:--,,--:--,,--:--,,--:--,,--:--,,--:--,,--:--,,--:--,,--:--,,--:--,,--:--,,--:--,
299,,382,David,Holliday,M,58,Cincinnati,OH,USA,--:--,--,2:43:22,210,4:08:00,221,06:21:00-06:35:00,258,9:18:00,298,--:--,,--:--,,--:--,,--:--,,--:--,,--:--,,--:--,,--:--,,--:--,,--:--,,--:--,,--:--,,--:--,,--:--,,--:--,,--:--,,--:--,
300,,218,Josh,Gum,M,41,Corvallis,OR,USA,--:--,--,3:02:50,292,4:41:00,297,06:52:00-07:04:00,296,9:21:00,299,--:--,,--:--,,--:--,,--:--,,--:--,,--:--,,--:--,,--:--,,--:--,,--:--,,--:--,,--:--,,--:--,,--:--,,--:--,,--:--,,--:--,
301,,329,Eric,Spector,M,74,Palo Alto,CA,USA,--:--,--,3:13:57,311,5:01:00,309,07:25:00-07:26:00,309,9:22:00,300,--:--,,--:--,,--:--,,--:--,,--:--,,--:--,,--:--,,--:--,,--:--,,--:--,,--:--,,--:--,,--:--,,--:--,,--:--,,--:--,,--:--,
302,,270,Dong,Lin,M,49,West Nyack,NY,USA,--:--,--,2:56:11,276,4:37:00,290,06:53:00-07:03:00,299,9:23:00,301,--:--,,--:--,,--:--,,--:--,,--:--,,--:--,,--:--,,--:--,,--:--,,--:--,,--:--,,--:--,,--:--,,--:--,,--:--,,--:--,,--:--,
303,,118,Dwight,Brown,M,60,Los Altos,CA,USA,--:--,--,3:06:42,301,4:38:00,294,06:46:00-06:52:00,290,9:25:00,302,--:--,,--:--,,--:--,,--:--,,--:--,,--:--,,--:--,,--:--,,--:--,,--:--,,--:--,,--:--,,--:--,,--:--,,--:--,,--:--,,--:--,
304,,232,Paul,Karr,M,58,Redwood City,CA,USA,--:--,--,3:04:00,294,4:44:00,305,07:04:00-07:08:00,303,9:27:00,303,--:--,,--:--,,--:--,,--:--,,--:--,,--:--,,--:--,,--:--,,--:--,,--:--,,--:--,,--:--,,--:--,,--:--,,--:--,,--:--,,--:--,
305,,269,Jeff,Lewman,M,51,Bartlesville,OK,USA,--:--,--,3:00:48,291,4:42:00,298,06:59:00-07:06:00,302,9:27:00,304,--:--,,--:--,,--:--,,--:--,,--:--,,--:--,,--:--,,--:--,,--:--,,--:--,,--:--,,--:--,,--:--,,--:--,,--:--,,--:--,,--:--,
306,,205,Lisa,Wright,F,60,Liberty Hill,TX,USA,--:--,--,2:56:48,282,4:35:00,289,06:51:00-07:02:00,295,9:28:00,305,--:--,,--:--,,--:--,,--:--,,--:--,,--:--,,--:--,,--:--,,--:--,,--:--,,--:--,,--:--,,--:--,,--:--,,--:--,,--:--,,--:--,
307,,298,Melissa,Ossanna,F,52,Bar Harbor,ME,USA,--:--,--,3:10:31,309,4:52:00,307,07:13:00-07:16:00,304,9:41:00,306,--:--,,--:--,,--:--,,--:--,,--:--,,--:--,,--:--,,--:--,,--:--,,--:--,,--:--,,--:--,,--:--,,--:--,,--:--,,--:--,,--:--,
308,,355,Christine,Velasquez,F,49,Portland,OR,USA,--:--,--,3:17:50,313,5:02:00,310,07:17:00-07:22:00,307,9:41:00,307,--:--,,--:--,,--:--,,--:--,,--:--,,--:--,,--:--,,--:--,,--:--,,--:--,,--:--,,--:--,,--:--,,--:--,,--:--,,--:--,,--:--,
309,,111,Dan,Balestrieri,M,41,Billerica,MA,USA,--:--,--,3:06:12,300,4:42:00,299,07:16:00-07:20:00,306,11:00:00,308,--:--,,--:--,,--:--,,--:--,,--:--,,--:--,,--:--,,--:--,,--:--,,--:--,,--:--,,--:--,,--:--,,--:--,,--:--,,--:--,,--:--,
310,,414,Brian,Myers,M,44,Asheville,NC,USA,--:--,--,2:46:39,228,4:20:00,264,06:34:00-06:43:00,278,12:43:00,309,--:--,,--:--,,--:--,,--:--,,--:--,,--:--,,--:--,,--:--,,--:--,,--:--,,--:--,,--:--,,--:--,,--:--,,--:--,,--:--,,--:--,
311,,408,Michael,Emerling,M,51,Chattanooga,TN,USA,--:--,--,2:36:38,173,3:59:00,192,6:00:00,221,--:--,,--:--,,--:--,,--:--,,--:--,,--:--,,--:--,,--:--,,--:--,,--:--,,--:--,,--:--,,--:--,,--:--,,--:--,,--:--,,--:--,,--:--,
312,,250,Tony,Nguyen,M,47,Antioch,CA,USA,--:--,--,3:17:36,312,5:12:00,314,7:30:00,310,--:--,,--:--,,--:--,,--:--,,--:--,,--:--,,--:--,,--:--,,--:--,,--:--,,--:--,,--:--,,--:--,,--:--,,--:--,,--:--,,--:--,,--:--,
313,,156,Justin,Dew,M,46,New York,NY,USA,--:--,--,3:04:20,295,5:12:00,313,7:32:00,311,--:--,,--:--,,--:--,,--:--,,--:--,,--:--,,--:--,,--:--,,--:--,,--:--,,--:--,,--:--,,--:--,,--:--,,--:--,,--:--,,--:--,,--:--,
314,,417,Stephanie,Johnson,F,58,Knoxville,TN,USA,--:--,--,3:05:11,296,5:11:00,312,8:05:00,312,--:--,,--:--,,--:--,,--:--,,--:--,,--:--,,--:--,,--:--,,--:--,,--:--,,--:--,,--:--,,--:--,,--:--,,--:--,,--:--,,--:--,,--:--,
315,,347,Denis,Trafecanty,M,78,Santa Ysabel,CA,USA,--:--,--,3:44:20,315,5:42:00,315,--:--,,--:--,,--:--,,--:--,,--:--,,--:--,,--:--,,--:--,,--:--,,--:--,,--:--,,--:--,,--:--,,--:--,,--:--,,--:--,,--:--,,--:--,,--:--,
